"Date","Genmab","Lundbeck","SydBank","USD"
2010-01-04,92,95.05,136,5.17
2010-01-05,89.6,96.5,137.5,5.15
2010-01-06,88.75,96.55,137.7,5.19
2010-01-07,88,98.5,138,5.2
2010-01-08,89,99,140.5,5.21
2010-01-11,89.9,104,140,5.12
2010-01-12,89.6,103.2,139.7,5.14
2010-01-13,89.4,100,142.1,5.11
2010-01-14,91.25,102,148.5,5.14
2010-01-15,97.5,102,146,5.18
2010-01-18,104,103,146.6,5.18
2010-01-19,99.75,102,143.5,5.21
2010-01-20,99.05,103.3,141.8,5.27
2010-01-21,96,100,140.2,5.29
2010-01-22,99,99.9,138.7,5.27
2010-01-25,102.5,100.8,139.6,5.26
2010-01-26,100.6,102,136.2,5.29
2010-01-27,99,102.3,136.2,5.29
2010-01-28,98,101.9,138,5.32
2010-01-29,97.95,100.5,139.9,5.33
2010-02-01,96.5,100.9,142.1,5.35
2010-02-02,95,101.2,147.3,5.34
2010-02-03,99,101,146.5,5.32
2010-02-04,98.65,100.2,145.2,5.38
2010-02-05,97.5,97.25,142,5.44
2010-02-08,93.85,96.8,142,5.44
2010-02-09,93.95,97.4,142.6,5.41
2010-02-10,92.75,96.05,140.1,5.42
2010-02-11,91.45,96.4,138.4,5.43
2010-02-12,90.75,97,139.8,5.49
2010-02-15,91,96.25,140.3,5.47
2010-02-16,92.45,98.2,140.5,5.45
2010-02-17,95.35,98,138.7,5.42
2010-02-18,95.9,98.25,136.3,5.49
2010-02-19,94.65,99,136.1,5.51
2010-02-22,93.5,99,138.7,5.46
2010-02-23,90.65,98.75,136.6,5.48
2010-02-24,91.3,98.8,135.5,5.49
2010-02-25,90.05,96.8,133,5.52
2010-02-26,91.75,96.5,134.5,5.48
2010-03-01,91.7,95,137.9,5.5
2010-03-02,92.2,96.1,138.7,5.49
2010-03-03,90.55,96,140.5,5.46
2010-03-04,90.85,97.85,140.4,5.45
2010-03-05,92.35,97.45,143.2,5.48
2010-03-08,73.5,98.05,143.8,5.45
2010-03-09,71.5,96.8,143.3,5.49
2010-03-10,72.05,96.85,144.6,5.47
2010-03-11,72.2,98.75,146.5,5.45
2010-03-12,71.85,99,147,5.41
2010-03-15,72.2,99.5,147.8,5.43
2010-03-16,71.85,99.55,149,5.42
2010-03-17,71.5,100.4,147,5.41
2010-03-18,71.2,99.55,146.5,5.45
2010-03-19,71.75,100,148.5,5.49
2010-03-22,71.75,99.65,145,5.52
2010-03-23,72,102.5,147.7,5.5
2010-03-24,72.55,103.1,146.4,5.58
2010-03-25,71.9,102.8,147.4,5.57
2010-03-26,71.15,102.8,147.3,5.57
2010-03-29,70.15,103.8,147,5.52
2010-03-30,68.5,104.2,148.4,5.52
2010-03-31,69.35,103.9,147.8,5.52
2010-04-06,70.25,103.1,149,5.56
2010-04-07,70.5,103.5,149.1,5.58
2010-04-08,69.05,102.8,150.1,5.6
2010-04-09,68.8,102.6,152.9,5.56
2010-04-12,68.5,103.2,156,5.48
2010-04-13,67.8,102.8,153,5.48
2010-04-14,67.65,102.5,155.4,5.47
2010-04-15,65.9,103,155.1,5.5
2010-04-16,67.35,101.2,155.6,5.5
2010-04-19,66.8,99.85,152.9,5.54
2010-04-20,69,100,154.5,5.52
2010-04-22,67.75,96.6,153.8,5.58
2010-04-23,66.9,97.5,158,5.59
2010-04-26,66.75,96.9,160.8,5.59
2010-04-27,65.75,95.3,158,5.6
2010-04-28,63,94.3,159,5.62
2010-04-29,61.7,92.1,164.6,5.61
2010-05-03,61.35,93.5,164.5,5.62
2010-05-04,58.7,94.7,160,5.69
2010-05-05,57,94.15,151,5.76
2010-05-06,52.45,92.4,141.9,5.85
2010-05-07,46.5,88.4,138.3,5.84
2010-05-10,54.45,92.2,153,5.74
2010-05-11,52.45,91.5,145.9,5.86
2010-05-12,50.05,93.5,147.5,5.87
2010-05-14,50.05,93.5,147.5,5.95
2010-05-17,47.23,90.75,143.8,6.03
2010-05-18,50.5,90.8,142.2,5.99
2010-05-19,50,88.65,139.5,6.06
2010-05-20,48.3,87.6,134.8,6.03
2010-05-21,47.47,86.7,136,5.96
2010-05-25,45.39,84.75,132.1,6.09
2010-05-26,46.91,85.5,137.9,6.04
2010-05-27,47.5,87.95,139.2,6.07
2010-05-28,48.07,88.95,139.9,6.01
2010-05-31,47.93,89.85,142.1,6.04
2010-06-01,47.39,87.5,142.5,6.12
2010-06-02,46.74,88.05,141.1,6.09
2010-06-03,47.89,89.5,146,6.07
2010-06-04,47.19,89.5,145.4,6.17
2010-06-07,46.63,88.55,142.2,6.22
2010-06-08,45.49,86.1,138.6,6.23
2010-06-09,43.93,87,140.3,6.19
2010-06-10,43.26,88.15,142.7,6.18
2010-06-11,43.71,87.8,144.5,6.13
2010-06-14,58.15,88.3,145.3,6.07
2010-06-15,57.4,88.25,144.6,6.07
2010-06-16,53.85,88.5,143.5,6.06
2010-06-17,51.3,89.5,140,6.02
2010-06-18,61,88.4,140.3,6.01
2010-06-21,58.9,88.4,140.5,6
2010-06-22,58.25,87.95,138.6,6.07
2010-06-23,58,87.5,138,6.07
2010-06-24,54.6,86.95,134.8,6.07
2010-06-25,51.65,86.3,132.3,6.05
2010-06-28,49.87,85.65,129.6,6.03
2010-06-29,45.88,83.1,125.8,6.11
2010-06-30,43.45,83.3,124.8,6.07
2010-07-01,40.91,82.8,122.6,6.04
2010-07-02,59.65,83.85,122.8,5.94
2010-07-05,59.6,83.5,122.8,5.95
2010-07-06,59.9,85.3,127.2,5.93
2010-07-07,62.4,86.35,130,5.93
2010-07-08,64.6,86.25,131.8,5.89
2010-07-09,63.7,86.1,132.8,5.9
2010-07-12,61.25,87.05,132.2,5.93
2010-07-13,61.95,87,134.7,5.93
2010-07-14,61.15,87.05,135.5,5.86
2010-07-15,60.6,88,136.2,5.81
2010-07-16,59.15,87.05,133.3,5.73
2010-07-19,57.8,87,131.8,5.75
2010-07-20,60.1,85.55,131.1,5.8
2010-07-21,59.5,85.95,132.7,5.81
2010-07-22,60.35,86.9,133.9,5.8
2010-07-23,59,85.6,132.6,5.78
2010-07-26,60,85.25,135.2,5.76
2010-07-27,59.55,86.45,138.7,5.72
2010-07-28,60,87.1,138.2,5.74
2010-07-29,60.3,86.75,141.5,5.7
2010-07-30,61,87,142.5,5.72
2010-08-02,62.45,86.65,144.5,5.7
2010-08-03,62.1,88.7,145.5,5.64
2010-08-04,62.6,90.05,144.3,5.64
2010-08-05,62.65,89.9,145.2,5.65
2010-08-06,62,89.45,143.1,5.66
2010-08-09,63.05,90.8,144.2,5.62
2010-08-10,65.95,89.35,140.1,5.67
2010-08-11,65,89.3,136,5.72
2010-08-12,65.5,89.15,134,5.83
2010-08-13,65.5,89,133.2,5.82
2010-08-16,67.2,89.25,134,5.81
2010-08-17,67.15,89.65,132,5.79
2010-08-18,61.3,90.15,128.9,5.78
2010-08-19,60,91.1,128,5.8
2010-08-20,57.45,90.1,125.7,5.86
2010-08-23,56.6,90.55,127.8,5.86
2010-08-24,54,89,124.8,5.91
2010-08-25,51.3,89.05,124.1,5.9
2010-08-26,53.7,88.4,123.3,5.87
2010-08-27,57,88.4,121.5,5.86
2010-08-30,56.5,88.55,120,5.86
2010-08-31,55.65,89.25,124,5.87
2010-09-01,59,89.85,127.4,5.82
2010-09-02,56.85,89.5,126,5.81
2010-09-03,57,90.6,130.1,5.8
2010-09-06,57,91.35,130,5.78
2010-09-07,57.3,90.85,128.8,5.84
2010-09-08,58.25,92.25,127.2,5.86
2010-09-09,61,94.65,127.3,5.86
2010-09-10,62.3,95,125,5.85
2010-09-13,65.25,95.15,128,5.82
2010-09-14,63.2,95,128.1,5.79
2010-09-15,62.5,94.75,127.5,5.73
2010-09-16,60.05,94.8,127,5.69
2010-09-17,60.75,94.4,127.3,5.7
2010-09-20,61.45,95,129,5.7
2010-09-21,63.5,95.25,129.5,5.68
2010-09-22,63,95.8,128.3,5.57
2010-09-23,62,96.35,127,5.59
2010-09-24,61.8,96.8,127,5.56
2010-09-27,62.6,96.2,127,5.53
2010-09-28,62.15,96.85,126.6,5.54
2010-09-29,61.75,97.65,125.7,5.47
2010-09-30,61.6,96.55,127.4,5.46
2010-10-01,60.95,95.7,127.8,5.43
2010-10-04,60.55,96.2,128.4,5.44
2010-10-05,61.3,96.7,128.4,5.41
2010-10-06,60.85,97,130.7,5.38
2010-10-07,61.95,98,130,5.34
2010-10-08,61.45,98.9,129.1,5.37
2010-10-11,61.8,99.6,130.2,5.35
2010-10-12,62.75,100.1,131.6,5.39
2010-10-13,67,103.7,136.4,5.34
2010-10-14,67.5,104.7,136.5,5.29
2010-10-15,71.45,105.4,135.4,5.29
2010-10-18,73.5,104.2,134.3,5.37
2010-10-19,71.15,107.2,136,5.38
2010-10-20,70.7,107.5,136.2,5.38
2010-10-21,68.8,107.3,143.4,5.32
2010-10-22,69,106.5,142.2,5.35
2010-10-25,71,107,144.5,5.32
2010-10-26,70.85,107.1,140.9,5.36
2010-10-27,70.65,106.9,140.1,5.4
2010-10-28,70.9,106.9,140.2,5.38
2010-10-29,71.1,107,141,5.38
2010-11-01,70.5,108.5,140.8,5.35
2010-11-02,70.1,107.8,140.9,5.32
2010-11-03,68.2,103.3,137.3,5.32
2010-11-04,67.2,102.1,142.2,5.23
2010-11-05,67,103.6,144.5,5.29
2010-11-08,66.5,103.9,143.6,5.36
2010-11-09,68.2,104.8,146,5.35
2010-11-10,66.8,105.9,147,5.41
2010-11-11,65.65,105.3,148,5.44
2010-11-12,66.3,105.5,146,5.44
2010-11-15,66.75,106.2,145.3,5.47
2010-11-16,67.1,105.5,143.7,5.48
2010-11-17,67.5,106,143.7,5.53
2010-11-18,68.5,108,144.7,5.46
2010-11-19,67.45,108.3,143.3,5.45
2010-11-22,68.2,107.8,143.5,5.46
2010-11-23,67.25,106.7,141.7,5.52
2010-11-24,68.15,106.2,141.6,5.59
2010-11-25,68,107.9,141.1,5.6
2010-11-26,67,106.4,140.1,5.64
2010-11-29,65.55,101.4,139.2,5.67
2010-11-30,64.7,99.45,141,5.73
2010-12-01,64.95,101.7,144.9,5.68
2010-12-02,66.45,104,146.3,5.66
2010-12-03,66.6,102.1,146,5.63
2010-12-06,66.2,102.8,147.5,5.61
2010-12-07,65.35,101.9,148.7,5.58
2010-12-08,67.05,104.8,146.5,5.65
2010-12-09,66.6,104.4,144.5,5.64
2010-12-10,66.4,104.7,145.9,5.63
2010-12-13,66.35,104.5,147.9,5.62
2010-12-14,66.3,104.3,148,5.55
2010-12-15,65.8,104.2,149,5.58
2010-12-16,65.5,104.1,149,5.63
2010-12-17,65.85,104.8,151.2,5.62
2010-12-20,67.95,104.9,152.2,5.67
2010-12-21,67.35,103.7,152,5.66
2010-12-22,65.7,103,152,5.68
2010-12-23,66.5,103.4,153,5.7
2010-12-27,66.1,104.4,153.1,5.67
2010-12-28,65.65,106.5,152.6,5.65
2010-12-29,65.25,107.5,152,5.67
2010-12-30,65.5,106,151.3,5.61
2011-01-03,65.45,112.9,152.9,5.58
2011-01-04,66,110.5,154.4,5.55
2011-01-05,65.75,111.5,154.5,5.64
2011-01-06,65.5,113.9,153.5,5.69
2011-01-07,65.15,113.3,152,5.75
2011-01-10,64.95,111.5,148.8,5.77
2011-01-11,65.6,112.8,147.1,5.75
2011-01-12,65.15,114,150.3,5.74
2011-01-13,65.5,112.9,148,5.64
2011-01-14,63.6,113.2,151.2,5.58
2011-01-17,63.6,114.5,151.1,5.6
2011-01-18,63.8,116.5,153.8,5.57
2011-01-19,64.6,113.5,154.1,5.52
2011-01-20,63.95,113.4,154.5,5.53
2011-01-21,63.2,112,155.2,5.51
2011-01-24,62.2,112.5,153.8,5.49
2011-01-25,63.15,111.5,153,5.48
2011-01-26,63.95,113.2,154.7,5.45
2011-01-27,63.95,112.7,156.4,5.43
2011-01-28,63.5,113,157.5,5.44
2011-01-31,63.2,113,157.2,5.44
2011-02-01,62.55,112.8,157.4,5.42
2011-02-02,62.4,112.8,156.9,5.4
2011-02-03,62.5,111.6,157.2,5.42
2011-02-04,62.25,112.2,158.9,5.47
2011-02-07,62.3,112.5,160.8,5.5
2011-02-08,62.05,116,163,5.47
2011-02-09,61,117.8,159.5,5.46
2011-02-10,58.6,114.5,154,5.48
2011-02-11,58.4,114.3,151.9,5.51
2011-02-14,58.3,115.7,153.8,5.55
2011-02-15,57.1,115.5,146.2,5.52
2011-02-16,56.65,117.7,147.1,5.52
2011-02-17,56,116,145.8,5.5
2011-02-18,57.1,116.7,145.1,5.47
2011-02-21,56,117.5,140,5.45
2011-02-22,57.2,117,140,5.46
2011-02-23,57,117.1,139.1,5.43
2011-02-24,56.25,115.7,139.5,5.41
2011-02-25,56.2,121.5,140.8,5.42
2011-02-28,57.1,123.5,140,5.39
2011-03-01,51,123,140,5.39
2011-03-02,49.89,124.2,136,5.4
2011-03-03,48.5,125,134.7,5.38
2011-03-04,49.6,125.6,135.5,5.34
2011-03-07,52.05,124.8,132.3,5.32
2011-03-08,52.65,125.3,130.5,5.37
2011-03-09,53.7,127.4,130.9,5.35
2011-03-10,52.7,125.5,128.3,5.4
2011-03-11,52,124.3,129.2,5.42
2011-03-14,50.3,122.2,129,5.35
2011-03-15,48.63,119.1,127.8,5.37
2011-03-16,49.87,116.5,129.5,5.35
2011-03-17,49.02,118.5,131.5,5.33
2011-03-18,50.3,120.6,134.5,5.28
2011-03-21,50.05,121.9,136,5.25
2011-03-22,49.58,122.3,133.9,5.25
2011-03-23,50.45,121.2,132.3,5.28
2011-03-24,49.12,122.2,136,5.28
2011-03-25,50.1,120.9,136,5.28
2011-03-28,53.5,120,135,5.31
2011-03-29,58.5,121.9,134.9,5.3
2011-03-30,57,124.1,132.6,5.29
2011-03-31,56,122,132.8,5.25
2011-04-01,55.1,121.2,133.2,5.27
2011-04-04,56,122.5,134.3,5.24
2011-04-05,56.3,121,136.2,5.26
2011-04-06,55.85,119.7,139,5.21
2011-04-07,55.5,121.3,139.3,5.22
2011-04-08,56.5,122.5,140.5,5.18
2011-04-11,58,121.8,141,5.17
2011-04-12,55.85,123.2,141.4,5.15
2011-04-13,55.5,125.3,142,5.15
2011-04-14,55.05,124.7,143.8,5.18
2011-04-15,54.6,125.6,143,5.16
2011-04-18,54.75,126.5,141.7,5.22
2011-04-19,54.6,125.2,142.8,5.21
2011-04-20,54.6,126.4,144.1,5.14
2011-04-26,54.1,126.2,141.8,5.1
2011-04-27,54.15,126.5,142.7,5.08
2011-04-28,54.4,123,144.5,5.04
2011-04-29,54.4,120.9,146,5.02
2011-05-02,54.85,124.8,145.5,5.03
2011-05-03,55.05,126.4,143.2,5.05
2011-05-04,55.1,126,141.3,5.01
2011-05-05,54.9,126.5,138.3,5.03
2011-05-06,55,128.2,137.5,5.14
2011-05-09,54.2,129.1,136,5.18
2011-05-10,54.1,129.3,136.6,5.19
2011-05-11,54.05,130.6,134.5,5.19
2011-05-12,53.05,133.9,133.7,5.27
2011-05-13,53,135.6,137.3,5.22
2011-05-16,53.6,132.4,137,5.27
2011-05-17,53.35,131,135,5.26
2011-05-18,52.9,131,134.6,5.24
2011-05-19,52.55,130.7,134.5,5.23
2011-05-23,51.25,132.2,133,5.32
2011-05-24,50.15,131.8,131.8,5.29
2011-05-25,49.7,133,132.1,5.3
2011-05-26,48,133.9,131.1,5.26
2011-05-27,48,134,131,5.23
2011-05-30,47.85,131.8,132.1,5.22
2011-05-31,47.7,133.2,131,5.18
2011-06-01,47.4,133.9,129.9,5.17
2011-06-06,46.6,133.1,127,5.11
2011-06-07,47.6,133.3,125.3,5.09
2011-06-08,45.9,133.1,123.1,5.1
2011-06-09,46,131.9,124.6,5.1
2011-06-10,43.91,130.5,121.8,5.15
2011-06-14,44.1,130,120.9,5.16
2011-06-15,44.2,127.8,118,5.22
2011-06-16,42.6,128,116,5.29
2011-06-17,41.91,129.4,117,5.23
2011-06-20,41.53,128.3,114.5,5.24
2011-06-21,40.81,130.1,116.8,5.19
2011-06-22,40.41,130,115.1,5.18
2011-06-23,38.25,127.6,113.6,5.25
2011-06-24,34,127.5,112.7,5.25
2011-06-27,36.07,128.3,110,5.25
2011-06-28,40.5,127.8,111.8,5.23
2011-06-29,40.28,130.9,113.4,5.17
2011-06-30,40,135.3,114.8,5.16
2011-07-01,40.49,135.7,118.1,5.15
2011-07-04,42.95,135.8,118.9,5.14
2011-07-05,43.8,135.7,117.4,5.16
2011-07-06,41.84,139.6,116.5,5.21
2011-07-07,41.48,139.7,117.2,5.24
2011-07-08,41.05,137.4,114.4,5.24
2011-07-11,40.1,135,110.1,5.31
2011-07-12,39.59,134.1,108.4,5.34
2011-07-13,40.22,133.3,111.3,5.3
2011-07-14,39.8,134.6,111.6,5.25
2011-07-15,40.87,135.6,111.8,5.27
2011-07-18,40.14,133,109.4,5.31
2011-07-19,41.32,136,112.8,5.27
2011-07-20,43.27,136.9,118.7,5.25
2011-07-21,43.31,135.8,127.8,5.24
2011-07-22,43.3,135.7,130,5.18
2011-07-25,42.1,136,126.7,5.18
2011-07-26,42.5,136,127.1,5.15
2011-07-27,40.62,135,123.3,5.16
2011-07-28,40.5,132.2,124.1,5.22
2011-07-29,40.22,130.1,121.7,5.22
2011-08-01,40.11,131.1,121.2,5.17
2011-08-02,40.01,130.2,115.9,5.26
2011-08-03,39.7,131.5,113.9,5.21
2011-08-04,39,131.2,110.7,5.23
2011-08-05,36.94,128.1,109.2,5.26
2011-08-08,35.23,119.5,102.6,5.24
2011-08-09,45.75,116.7,107.9,5.22
2011-08-10,41.8,118.5,108.3,5.19
2011-08-11,41,121.5,107.9,5.27
2011-08-12,42.44,122.1,112.6,5.23
2011-08-15,42.24,128.2,114.3,5.21
2011-08-16,42.65,124.2,106.5,5.19
2011-08-17,42.51,126.1,106.7,5.15
2011-08-18,39.51,119.7,101.2,5.19
2011-08-19,38.06,120.4,100.6,5.18
2011-08-22,37.61,119.9,97.5,5.17
2011-08-23,38.18,119.2,95.15,5.15
2011-08-24,38.19,119.6,96,5.16
2011-08-25,37.84,116,102.1,5.16
2011-08-26,36.8,115.5,100.3,5.17
2011-08-29,38.2,116.5,103.3,5.14
2011-08-30,36.51,113,102.6,5.17
2011-08-31,37.16,114.8,105,5.16
2011-09-01,37.8,115.9,104,5.22
2011-09-02,36.18,112.7,99.65,5.23
2011-09-05,35.87,108.3,95,5.27
2011-09-06,35.8,106.6,93.1,5.28
2011-09-07,35.42,112.1,96.25,5.31
2011-09-08,35.52,112.1,96,5.3
2011-09-09,35,109.6,94.5,5.39
2011-09-12,34,103.1,89.5,5.45
2011-09-13,34.5,104.6,90.9,5.46
2011-09-14,34.95,104.6,91,5.42
2011-09-15,36.6,108.9,93.8,5.4
2011-09-16,36.79,108.5,94.5,5.41
2011-09-19,35.79,106.1,93,5.46
2011-09-20,34.95,105.9,94.95,5.43
2011-09-21,34.38,103.4,95,5.46
2011-09-22,33.01,99.75,92.1,5.54
2011-09-23,31.62,101,94,5.54
2011-09-26,31.48,104,96,5.51
2011-09-27,31.91,104.5,101.9,5.48
2011-09-28,32.2,104.9,100.9,5.46
2011-09-29,32.99,107.9,101.2,5.47
2011-09-30,32.41,106.4,98.95,5.51
2011-10-03,31.85,104.2,97.5,5.58
2011-10-04,30.8,101.4,94.4,5.65
2011-10-05,30.5,103,95.75,5.58
2011-10-06,31.1,105.3,97,5.61
2011-10-07,30.96,105.5,97.7,5.54
2011-10-10,31.4,107.8,97.05,5.48
2011-10-11,31.65,106.4,98.7,5.47
2011-10-12,31.96,106.7,100.2,5.41
2011-10-13,32.1,107.3,99.7,5.42
2011-10-14,31.75,109.1,99,5.39
2011-10-17,31.66,108.8,97.95,5.4
2011-10-18,31.7,107.8,96.5,5.44
2011-10-19,31.75,106.8,96.05,5.38
2011-10-20,31.58,105.9,94.8,5.39
2011-10-21,32.95,107,95.95,5.4
2011-10-24,32.2,106.6,96.6,5.37
2011-10-25,32.1,107.5,94.8,5.35
2011-10-26,32.1,108.1,94.5,5.35
2011-10-27,32.52,110.9,99.9,5.3
2011-10-28,31.75,113.5,104.6,5.26
2011-10-31,31.5,109.2,100.2,5.32
2011-11-01,31,106.7,94.6,5.46
2011-11-02,31.3,104.5,94.7,5.39
2011-11-03,29.8,105.6,95.35,5.4
2011-11-04,29.8,104.9,94.55,5.4
2011-11-07,29,104,95,5.42
2011-11-08,28.7,105,96.4,5.4
2011-11-09,28,107,94.75,5.46
2011-11-10,27.37,105.9,93.05,5.47
2011-11-11,27.55,115.7,93.85,5.45
2011-11-14,28.02,115.3,93.7,5.45
2011-11-15,26.89,114,92.55,5.5
2011-11-16,25.7,114.1,91.4,5.52
2011-11-17,26.18,112.4,90.8,5.52
2011-11-18,25.55,111.9,91.1,5.48
2011-11-21,25.25,109.1,89.95,5.53
2011-11-22,24.69,109,90.8,5.5
2011-11-23,23.88,107,91.8,5.56
2011-11-24,23.92,105.6,91.35,5.56
2011-11-25,23.91,106.3,90.55,5.62
2011-11-28,24.5,108,95,5.57
2011-11-29,25.85,107.2,93.45,5.58
2011-11-30,27.3,106.9,98.5,5.54
2011-12-01,26.15,106.5,94.5,5.51
2011-12-02,26.84,106.1,95.25,5.5
2011-12-05,27.25,106.9,96.95,5.53
2011-12-06,26.8,107.4,96.9,5.55
2011-12-07,27.25,107.3,98.15,5.56
2011-12-08,26.75,107.7,95.7,5.54
2011-12-09,27.3,106.5,95.3,5.56
2011-12-12,27.2,106.4,91.3,5.61
2011-12-13,27.14,106.6,92,5.64
2011-12-14,25.85,104.5,87.35,5.72
2011-12-15,26.7,105.3,87,5.71
2011-12-16,26.56,103.5,88.2,5.69
2011-12-19,28.2,103.4,88.4,5.7
2011-12-20,33.85,105.3,89.5,5.69
2011-12-21,36.22,105.5,89.8,5.69
2011-12-22,36.2,106,89.7,5.7
2011-12-23,36.5,109.1,90.9,5.69
2011-12-27,36.97,109,90.35,5.69
2011-12-28,37.4,109.4,89.5,5.69
2011-12-29,37.02,110.6,89.5,5.77
2011-12-30,37.6,108,90.1,5.75
2012-01-02,37.79,110.6,91.8,5.75
2012-01-03,38.9,111.6,92.25,5.71
2012-01-04,37.22,109.5,91.3,5.74
2012-01-05,37,109.9,89.9,5.79
2012-01-06,36.28,109.5,89,5.82
2012-01-09,34.8,111,89.05,5.84
2012-01-10,34.94,111.8,89.55,5.81
2012-01-11,34.84,111.5,89.45,5.85
2012-01-12,35,110,89.25,5.84
2012-01-13,39,110.1,89.5,5.82
2012-01-16,37.76,111.2,89.4,5.87
2012-01-17,39.6,111.8,88.25,5.81
2012-01-18,40.8,111.1,87.4,5.8
2012-01-19,43.49,110.8,89,5.76
2012-01-20,49.38,110.5,91,5.76
2012-01-23,47.31,109,97.8,5.71
2012-01-24,45.11,109,97.55,5.72
2012-01-25,46.57,108.6,99.45,5.74
2012-01-26,47.34,109.5,101.6,5.66
2012-01-27,45.57,110.8,100.4,5.66
2012-01-30,44.2,110.2,97,5.67
2012-01-31,44.65,112,96.85,5.64
2012-02-01,45.8,113.4,101.5,5.64
2012-02-02,44.99,112.2,104,5.68
2012-02-03,45,113,105.8,5.65
2012-02-06,46.09,113.6,107.7,5.7
2012-02-07,44.32,114.8,108.9,5.67
2012-02-08,43.01,112.9,110,5.6
2012-02-09,41,112.6,111.3,5.59
2012-02-10,42.98,113.4,110.8,5.64
2012-02-13,43.06,114.9,113,5.61
2012-02-14,42.7,114.9,110,5.64
2012-02-15,43.87,115,113.9,5.68
2012-02-16,43.03,115,111.8,5.73
2012-02-17,44.04,113.5,114.5,5.65
2012-02-20,43.25,114.2,113.5,5.6
2012-02-21,42.7,114.5,112.9,5.62
2012-02-22,42.35,114.5,110.5,5.62
2012-02-23,42.29,113.6,105.9,5.59
2012-02-24,42.5,116.4,106.7,5.54
2012-02-27,42.61,116.7,104.9,5.55
2012-02-28,42.7,118.8,106,5.53
2012-02-29,43.1,118,107.2,5.53
2012-03-01,42.85,116.4,106.4,5.58
2012-03-02,41.79,117.9,106.6,5.62
2012-03-05,41.8,117.1,106,5.62
2012-03-06,39.21,114.2,101.5,5.65
2012-03-07,39.1,114.4,103.5,5.67
2012-03-08,38.9,115.9,102.5,5.61
2012-03-09,39,118,103.7,5.64
2012-03-12,38.88,117.7,102.2,5.67
2012-03-13,39.04,118.2,103.5,5.69
2012-03-14,39.25,118.2,104.7,5.69
2012-03-15,39.07,116.8,104.8,5.69
2012-03-16,39.2,117.1,105.3,5.67
2012-03-19,42,116.2,104.3,5.65
2012-03-20,41.4,115.5,103,5.63
2012-03-21,42.44,116.9,103.5,5.62
2012-03-22,41.25,114.6,102.6,5.65
2012-03-23,41.32,114.2,104.2,5.62
2012-03-26,44.9,114.9,105.5,5.6
2012-03-27,45.8,114.7,103,5.58
2012-03-28,45.99,115.4,102.8,5.58
2012-03-29,45,113.5,99.3,5.6
2012-03-30,46.2,111.8,101.5,5.57
2012-04-02,47.9,113.2,101.5,5.59
2012-04-03,46.81,115.5,101.8,5.59
2012-04-04,45.6,113.8,100.6,5.66
2012-04-10,44,110.4,98.75,5.67
2012-04-11,42.95,110.2,97,5.66
2012-04-12,43.54,111,98.7,5.66
2012-04-13,43.95,109.3,99,5.66
2012-04-16,44.05,110.4,97.5,5.71
2012-04-17,44.75,110.4,99.75,5.67
2012-04-18,45.7,112.5,97.25,5.68
2012-04-19,45.69,111.6,97.9,5.68
2012-04-20,45.45,113.2,99,5.64
2012-04-23,45.4,112.5,96.65,5.67
2012-04-24,45.34,112.4,97.5,5.65
2012-04-25,45.24,112.6,99.5,5.63
2012-04-26,45.25,111,97.85,5.63
2012-04-27,45,112.1,99.35,5.62
2012-04-30,44.8,112.5,97.7,5.63
2012-05-01,45.39,111.9,98.75,5.61
2012-05-02,45.36,109.7,101.1,5.66
2012-05-03,45,110.4,101.1,5.67
2012-05-07,44.33,109.2,98.05,5.71
2012-05-08,43.8,108.9,97.5,5.71
2012-05-09,42.55,106,93,5.74
2012-05-10,43.35,108,94.4,5.74
2012-05-11,42.83,109,94.4,5.74
2012-05-14,41.25,118.6,92.5,5.78
2012-05-15,41,115.1,92.55,5.79
2012-05-16,42.87,117.4,92.3,5.84
2012-05-21,42.09,123.9,92,5.83
2012-05-22,42.38,126.2,95.6,5.82
2012-05-23,42.41,125,94.05,5.87
2012-05-24,43.1,122.4,95.7,5.92
2012-05-25,42.63,124.2,96,5.92
2012-05-29,43,126.5,97.35,5.93
2012-05-30,42.21,127.5,95.85,5.97
2012-05-31,42,124.5,98.4,5.99
2012-06-01,41.5,123.5,95.15,6.03
2012-06-04,42.95,124.2,92.85,5.97
2012-06-06,42.69,124.5,93,5.95
2012-06-07,43.34,124.5,95.45,5.9
2012-06-08,42.98,123.8,95.75,5.96
2012-06-11,43.15,124.1,96,5.93
2012-06-12,43.2,122.7,96.2,5.95
2012-06-13,43.01,121.4,96.8,5.93
2012-06-14,44.59,122.5,95.2,5.92
2012-06-15,44.15,121.4,94.15,5.9
2012-06-18,45.6,121.2,94.5,5.89
2012-06-19,50.05,124,95.7,5.89
2012-06-20,48.8,122,98.2,5.85
2012-06-21,51.45,121.7,97.85,5.87
2012-06-22,53.3,122.2,94.4,5.93
2012-06-25,54.9,119.2,94.6,5.95
2012-06-26,54.8,117.8,93.15,5.96
2012-06-27,55.05,118.4,93.9,5.96
2012-06-28,58.9,118.2,91.95,5.99
2012-06-29,58.45,121,94.95,5.9
2012-07-02,56.5,123.8,96.35,5.9
2012-07-03,56.25,125,95.55,5.91
2012-07-04,56.5,125.1,95.7,5.92
2012-07-05,57,123.3,95,5.98
2012-07-06,56.8,121,93.75,6.01
2012-07-09,59.2,120.6,94.5,6.05
2012-07-10,59.45,120.3,95,6.05
2012-07-11,59.5,120,95.4,6.07
2012-07-12,63,119.6,94.85,6.11
2012-07-13,64.25,119.8,95.6,6.1
2012-07-16,63.8,120,98.3,6.11
2012-07-17,63.1,120.5,95.8,6.06
2012-07-18,63,123.4,97.8,6.08
2012-07-19,64.1,125.5,98.85,6.05
2012-07-20,63,128,97.8,6.1
2012-07-23,61.7,125,96,6.15
2012-07-24,64.4,122.3,97.25,6.15
2012-07-25,64.1,118.8,96.8,6.13
2012-07-26,64.05,120.4,97.35,6.07
2012-07-27,63.7,121.6,99.15,6.04
2012-07-30,62.8,121.8,98.85,6.07
2012-07-31,62.1,120,98.1,6.06
2012-08-01,62,119.2,96.7,6.05
2012-08-02,62.2,117.6,96.05,6.03
2012-08-03,63.5,118.5,98.5,6.08
2012-08-06,63.3,118.2,99.25,6.01
2012-08-07,63.65,118.4,98.8,5.99
2012-08-08,63.9,111,98.2,6.03
2012-08-09,63.9,110,98.35,6.05
2012-08-10,62.4,109.3,97,6.07
2012-08-13,63.8,108.7,99.7,6.03
2012-08-14,63.3,108.6,101,6.03
2012-08-15,62.7,109.3,102,6.06
2012-08-16,64.2,109.2,103.8,6.06
2012-08-17,65.1,108.8,103.3,6.04
2012-08-20,65.05,108.2,102.2,6.05
2012-08-21,66,108,103.9,5.99
2012-08-22,69.95,108.2,101.4,5.98
2012-08-23,69.85,107.7,103.5,5.93
2012-08-24,69.5,108.3,101,5.95
2012-08-27,69.65,108.2,100.9,5.94
2012-08-28,68.15,108.5,101,5.94
2012-08-29,67.85,108.8,100.6,5.94
2012-08-30,78.75,108.6,100.3,5.94
2012-08-31,78.5,109.2,100.9,5.91
2012-09-03,83.3,108.9,101.4,5.93
2012-09-04,79.7,107.9,101.6,5.92
2012-09-05,80,108,102.1,5.92
2012-09-06,80.5,108.8,103,5.9
2012-09-07,80,107.3,105.1,5.86
2012-09-10,79.25,105,104.3,5.83
2012-09-11,77,106.3,103.4,5.83
2012-09-12,74.15,103.8,105.1,5.78
2012-09-13,73.85,103.5,104.4,5.77
2012-09-14,73.8,103.9,105.2,5.69
2012-09-17,76.65,103.6,106.6,5.7
2012-09-18,73.85,103.8,108.8,5.71
2012-09-19,74,103.3,110,5.73
2012-09-20,72.8,104.6,110,5.75
2012-09-21,73.05,106.4,110.3,5.74
2012-09-24,74.35,105.9,110.2,5.77
2012-09-25,73.8,105.4,110.6,5.77
2012-09-26,72.6,103.2,108,5.8
2012-09-27,72.25,104.9,108.2,5.79
2012-09-28,72.95,107.8,109.4,5.77
2012-10-01,73.7,106,109,5.79
2012-10-02,75.15,106.9,107.7,5.77
2012-10-03,75.95,105.8,107.8,5.78
2012-10-04,77.75,107.1,107.7,5.76
2012-10-05,78.9,108.3,108.4,5.73
2012-10-08,78.2,107.4,107.5,5.75
2012-10-09,79.25,106.3,106.5,5.76
2012-10-10,78.5,105.6,105,5.79
2012-10-11,82.05,105.2,105.7,5.77
2012-10-12,82.05,104.8,106,5.75
2012-10-15,81.9,105.4,105.5,5.75
2012-10-16,83.55,105.9,106.8,5.72
2012-10-17,86.85,104.8,107,5.69
2012-10-18,86.2,103.7,106.8,5.69
2012-10-19,87,104,105.6,5.72
2012-10-22,84.85,103.5,107,5.71
2012-10-23,82.85,100.6,106.9,5.74
2012-10-24,83.5,101,106.2,5.76
2012-10-25,83.4,99.5,107.1,5.74
2012-10-26,82.95,99.65,106.4,5.78
2012-10-29,82.5,99.35,107.7,5.78
2012-10-30,80.6,101.2,106.1,5.76
2012-10-31,80.2,100.2,105.3,5.74
2012-11-01,83.9,99.05,105.4,5.75
2012-11-02,83,99,107.2,5.81
2012-11-05,81.4,98,108.1,5.84
2012-11-06,81,96.4,106.8,5.83
2012-11-07,81.4,101,105.1,5.85
2012-11-08,81.4,98.25,105,5.86
2012-11-09,79.35,98.75,104.4,5.88
2012-11-12,78.95,95.75,104.5,5.86
2012-11-13,75.6,97.25,103.5,5.87
2012-11-14,74.3,94.25,102.2,5.86
2012-11-15,70.7,93.85,102.1,5.85
2012-11-16,69.5,92.35,102,5.85
2012-11-19,70.05,93.1,103.1,5.84
2012-11-20,71.75,92.55,103.9,5.82
2012-11-21,71.25,93.2,103.7,5.82
2012-11-22,72,95,105.2,5.78
2012-11-23,72.25,96.15,106.5,5.78
2012-11-26,70.25,96.55,103.8,5.75
2012-11-27,70.8,96.5,104.5,5.75
2012-11-28,69,95.45,102,5.79
2012-11-29,70.95,95.05,103.2,5.74
2012-11-30,76.25,95.9,103.1,5.74
2012-12-03,75.4,94,104.9,5.71
2012-12-04,76,95.2,104.9,5.7
2012-12-05,80.55,97.4,105.8,5.71
2012-12-06,80.45,99.8,106.5,5.71
2012-12-07,80.2,99.2,106.1,5.78
2012-12-10,82.55,99.15,104.8,5.77
2012-12-11,82,98.2,103.6,5.74
2012-12-12,81.3,98.85,104.5,5.72
2012-12-13,82.5,98.95,103.9,5.71
2012-12-14,83.9,98.2,104.5,5.7
2012-12-17,82.35,97.45,103.9,5.67
2012-12-18,80.7,96.65,101.5,5.66
2012-12-19,82,82.15,101,5.61
2012-12-20,80,82.25,99.95,5.63
2012-12-21,80.6,81.65,100.1,5.65
2012-12-27,78.95,82,100.1,5.62
2012-12-28,77.8,82.9,99.7,5.66
2013-01-02,78.45,83.5,101.7,5.63
2013-01-03,78.95,83.9,102.9,5.69
2013-01-04,78.5,86.1,103,5.73
2013-01-07,81,87.4,105.4,5.72
2013-01-08,80.45,88,105.1,5.7
2013-01-09,80.9,88.95,105.1,5.71
2013-01-10,83.05,89.95,106.5,5.69
2013-01-11,83.2,90.4,107,5.62
2013-01-14,84.3,90,107.9,5.59
2013-01-15,84.2,89,107.8,5.6
2013-01-16,87.45,89,107.9,5.62
2013-01-17,90.3,88.5,107.7,5.58
2013-01-18,89.95,88,108.6,5.6
2013-01-21,95.1,88,109,5.6
2013-01-22,96.9,87.55,108.9,5.6
2013-01-23,101.8,87.5,107.8,5.6
2013-01-24,100.6,86.6,109.5,5.59
2013-01-25,103.6,87.2,108.6,5.54
2013-01-28,100.8,86.2,109,5.55
2013-01-29,98.65,87.05,107.5,5.55
2013-01-30,99.3,87.95,108.6,5.51
2013-01-31,98,86.9,108.4,5.51
2013-02-01,96.8,89.6,108.2,5.47
2013-02-04,97.2,89.15,107.8,5.5
2013-02-05,96.7,88.6,109.1,5.51
2013-02-06,94.7,89.65,107.8,5.52
2013-02-07,93.85,89.75,106.9,5.51
2013-02-08,94.7,90,107.9,5.58
2013-02-11,95.55,90.15,107.8,5.57
2013-02-12,99.25,90.25,107.8,5.55
2013-02-13,97.55,91.9,108.6,5.54
2013-02-14,97.5,91.5,108.4,5.6
2013-02-15,102,92.65,108.2,5.6
2013-02-18,103.9,93,108.7,5.59
2013-02-19,106.2,93.85,109.7,5.59
2013-02-20,108,94.05,112.5,5.58
2013-02-21,105.7,93.5,114.7,5.66
2013-02-22,103.7,94.35,113.7,5.66
2013-02-25,102.8,95.75,115,5.61
2013-02-26,100.9,94.95,115,5.7
2013-02-27,100.7,94.5,114.9,5.69
2013-02-28,102.9,96.85,115.9,5.68
2013-03-01,104.8,99.95,116.7,5.74
2013-03-04,104.4,99.75,117.8,5.73
2013-03-05,103,100.4,119.7,5.72
2013-03-06,101.5,100.4,118.3,5.72
2013-03-07,101.9,100.9,119,5.73
2013-03-08,117.1,100.8,121,5.7
2013-03-11,118.9,101.7,121.5,5.74
2013-03-12,118.6,101,121.6,5.71
2013-03-13,123.9,102.4,121.4,5.74
2013-03-14,122.4,102.3,122.2,5.76
2013-03-15,123.1,103.6,122.4,5.7
2013-03-18,120,102.3,120.8,5.77
2013-03-19,120.3,102,120,5.76
2013-03-20,127,103.3,120.2,5.76
2013-03-21,128.3,101.8,120.4,5.77
2013-03-22,129,99.9,119.9,5.76
2013-03-25,133,99.15,119.9,5.76
2013-03-26,134,108,119.5,5.79
2013-03-27,134.5,107.1,119.1,5.84
2013-04-02,139.5,109.3,121.9,5.81
2013-04-03,144,109.7,121.4,5.81
2013-04-04,141.8,111,118.7,5.81
2013-04-05,138.4,111.5,117.8,5.76
2013-04-08,139.7,113,117.6,5.72
2013-04-09,146,113.9,117.3,5.72
2013-04-10,148.4,114,120.3,5.7
2013-04-11,154.4,114.5,122.2,5.68
2013-04-12,152.9,114.9,121.4,5.71
2013-04-15,156.5,115,121.5,5.7
2013-04-16,155.6,113.7,120.4,5.68
2013-04-17,147.5,109.3,119.2,5.68
2013-04-18,148,112.3,119.4,5.72
2013-04-19,147.4,108.5,123,5.68
2013-04-22,147.5,109.4,123,5.72
2013-04-23,148,112.3,127.4,5.74
2013-04-24,148.3,112.8,126.6,5.73
2013-04-25,148.2,114.1,126.8,5.7
2013-04-29,149.2,113.5,130.6,5.69
2013-04-30,147.6,113.2,129,5.7
2013-05-01,144.5,113,128.3,5.64
2013-05-02,157,111.4,124.6,5.65
2013-05-03,155.7,113.4,122.4,5.68
2013-05-06,154.7,111.9,122.9,5.69
2013-05-07,154.6,111,122.6,5.69
2013-05-08,160.9,111.4,124.7,5.67
2013-05-13,162.2,112.3,125.7,5.75
2013-05-14,164.9,113.3,125.5,5.74
2013-05-15,170,112.8,125,5.79
2013-05-16,180,115.6,123.5,5.78
2013-05-17,197.6,115.8,124.5,5.79
2013-05-21,192.7,116,125.6,5.79
2013-05-22,195.5,115,125.7,5.77
2013-05-23,185,113,125.1,5.78
2013-05-24,191.5,112.8,125.3,5.76
2013-05-27,188,113.2,126.4,5.76
2013-05-28,197,113.2,128.1,5.76
2013-05-29,195.2,111.7,128,5.76
2013-05-30,208.5,112,129.6,5.76
2013-05-31,206,110.7,128.6,5.73
2013-06-03,202,109.2,128.5,5.73
2013-06-04,206.3,107,128.3,5.69
2013-06-06,216.9,107.5,127.3,5.68
2013-06-07,214.6,107.6,127.4,5.62
2013-06-10,218.8,106.9,126.8,5.64
2013-06-11,199,104,122.9,5.62
2013-06-12,199,104.2,122.6,5.62
2013-06-13,190.6,103.4,122.3,5.6
2013-06-14,184.5,103.5,122.1,5.61
2013-06-17,186.5,103.3,123,5.59
2013-06-18,188.8,101.2,123,5.58
2013-06-19,184.1,102.1,119.5,5.56
2013-06-20,180,101.2,117,5.65
2013-06-21,177,100.7,117.4,5.66
2013-06-24,165,97.8,114.6,5.7
2013-06-25,168.6,100.6,115.8,5.68
2013-06-26,179,101.5,115.7,5.73
2013-06-27,185.6,103.5,114.7,5.72
2013-06-28,174,102.2,114,5.7
2013-07-01,178.5,102,114.2,5.72
2013-07-02,177,101.9,114.3,5.73
2013-07-03,176.4,102.2,114.6,5.76
2013-07-04,177.5,103.9,115.9,5.75
2013-07-05,175.9,104.6,115.3,5.79
2013-07-08,178.5,104.8,117.3,5.8
2013-07-09,179,105.2,118.2,5.8
2013-07-10,179.7,107.5,117.8,5.82
2013-07-11,178.4,108.4,118.9,5.72
2013-07-12,178.7,112,119.1,5.72
2013-07-15,179,111.8,120,5.73
2013-07-16,180,112.9,120.6,5.68
2013-07-17,180.4,111.8,121,5.68
2013-07-18,185.7,111.5,123,5.7
2013-07-19,182.4,112.3,123.6,5.68
2013-07-22,181.4,112.4,123.4,5.66
2013-07-23,177.1,114,125,5.66
2013-07-24,173.8,114.8,127.5,5.63
2013-07-25,167.5,114.3,126.6,5.65
2013-07-26,166,114,126,5.62
2013-07-29,165,114.1,126.6,5.62
2013-07-30,164.9,114,125.4,5.61
2013-07-31,162,113,125.3,5.62
2013-08-01,161.4,113.8,128,5.63
2013-08-02,158.8,113,127.5,5.65
2013-08-05,159.6,114.5,129.4,5.62
2013-08-06,160.1,115,128.9,5.62
2013-08-07,160.8,115,128.9,5.6
2013-08-08,166.7,112.2,129.5,5.58
2013-08-09,169,114.6,130.8,5.58
2013-08-12,169.7,113.6,132.9,5.62
2013-08-13,168.7,113.5,137.2,5.61
2013-08-14,170.3,113,139.1,5.63
2013-08-15,177.1,112.5,139,5.61
2013-08-16,171.8,112,141.8,5.59
2013-08-19,169,112.7,143.1,5.59
2013-08-20,169,114,141.5,5.57
2013-08-21,168.5,114,137.6,5.57
2013-08-22,169,113.7,135.7,5.6
2013-08-23,170.5,109.5,136.7,5.58
2013-08-26,176,113.4,137.9,5.58
2013-08-27,170.3,111.8,136.2,5.59
2013-08-28,165.7,111.4,137.5,5.59
2013-08-29,168,113,139.8,5.62
2013-08-30,166.9,113.8,136.2,5.64
2013-09-02,168,113.8,136.5,5.65
2013-09-03,168.9,115.1,135.7,5.66
2013-09-04,169,115.2,135.8,5.66
2013-09-05,170.8,115,135.8,5.65
2013-09-06,170.1,115.1,136,5.69
2013-09-09,170.2,115.4,137.5,5.65
2013-09-10,181.6,116.7,142,5.63
2013-09-11,187,116.3,140.7,5.62
2013-09-12,185,116.3,140.3,5.61
2013-09-13,184.3,116.9,138.4,5.61
2013-09-16,201,118.2,140.5,5.58
2013-09-17,198.5,118.5,139.8,5.58
2013-09-18,199.8,117.4,142.8,5.59
2013-09-19,202,118,146.3,5.51
2013-09-20,218,119.5,146.5,5.52
2013-09-23,212.5,119.1,144.6,5.52
2013-09-24,213.7,119.8,145.6,5.53
2013-09-25,218.1,118.7,143,5.52
2013-09-26,224.6,119.7,144,5.52
2013-09-27,231.6,120,143.2,5.51
2013-09-30,226,120.2,143.8,5.52
2013-10-01,229.3,123.3,145,5.5
2013-10-02,233.5,122,145.7,5.52
2013-10-03,233.7,120.7,146.7,5.49
2013-10-04,234.9,119.5,148.3,5.49
2013-10-07,235,118.7,147.6,5.5
2013-10-08,232,114,147.8,5.49
2013-10-09,227,112.5,150.5,5.52
2013-10-10,231.5,114,152.3,5.51
2013-10-11,236.9,114.7,152.3,5.5
2013-10-14,235.6,113.2,152.3,5.5
2013-10-15,237.9,114,153.6,5.53
2013-10-16,239,113.6,158.8,5.5
2013-10-17,239,114.8,159.5,5.46
2013-10-18,242.1,117.4,160,5.45
2013-10-21,250,117.5,160.8,5.46
2013-10-22,250.6,117,165,5.46
2013-10-23,247.8,117,165.8,5.42
2013-10-24,250,116.5,164,5.4
2013-10-25,251,118.4,162.8,5.41
2013-10-28,246,118.7,164,5.41
2013-10-29,246.6,119.5,163.6,5.42
2013-10-30,244.7,118.9,165.7,5.42
2013-10-31,238.5,118.1,162.3,5.47
2013-11-01,238,119.6,161.8,5.52
2013-11-04,236.7,120.8,162.5,5.52
2013-11-05,230.7,121.3,158.5,5.53
2013-11-06,239.1,126.5,159.4,5.52
2013-11-07,225.7,117.9,160,5.58
2013-11-08,214,117.9,159.2,5.55
2013-11-11,218,118.9,158.8,5.57
2013-11-12,214,118.9,158.8,5.55
2013-11-13,207.5,119.6,157.3,5.56
2013-11-14,207.7,121.3,157.5,5.55
2013-11-15,210.8,120.3,158,5.54
2013-11-18,210,119.6,158.6,5.52
2013-11-19,209.9,118.1,157.8,5.52
2013-11-20,209.6,117,156.4,5.51
2013-11-21,210.1,117.4,156.3,5.54
2013-11-22,213.2,117,155,5.52
2013-11-25,215.6,118.2,155.7,5.52
2013-11-26,224.7,117.3,155.7,5.51
2013-11-27,221.2,118.9,155.8,5.49
2013-11-28,229.4,118.4,155,5.49
2013-11-29,227.5,120,154.4,5.48
2013-12-02,227,120.1,154.3,5.51
2013-12-03,222.7,122.1,153.4,5.49
2013-12-04,220.5,121.3,152.3,5.49
2013-12-05,218.2,121.6,145.5,5.49
2013-12-06,225.9,122.9,143,5.46
2013-12-09,235.8,123.7,141.8,5.44
2013-12-10,231,125.7,142.7,5.43
2013-12-11,221.3,131,143.2,5.42
2013-12-12,221.4,130.5,140,5.42
2013-12-13,216.2,129,136.6,5.44
2013-12-16,219.5,128,135.7,5.42
2013-12-17,215,127.6,136.2,5.43
2013-12-18,216.7,128.4,137.4,5.43
2013-12-19,221.6,130,137.9,5.46
2013-12-20,222.5,133.5,140.8,5.46
2013-12-23,217.4,134.3,141.9,5.45
2013-12-27,214.9,135.5,142.7,5.4
2013-12-30,212,137,144,5.41
2014-01-02,217.5,137.5,143.2,5.46
2014-01-03,229.1,137.3,141.8,5.47
2014-01-06,235.2,139.1,141.1,5.48
2014-01-07,230,138.6,143.8,5.47
2014-01-08,224.9,136.6,145.7,5.49
2014-01-09,233.8,138.8,147.9,5.48
2014-01-10,242.5,138.2,147.9,5.49
2014-01-13,235.2,137,148,5.47
2014-01-14,236.3,136.2,147.2,5.46
2014-01-15,233.1,136.4,149.1,5.48
2014-01-16,236.4,136,150,5.49
2014-01-17,235.5,136.5,150.6,5.49
2014-01-20,231.5,137.2,150,5.5
2014-01-21,233.6,136.6,150.1,5.52
2014-01-22,232.5,136.6,150.2,5.5
2014-01-23,228.5,136,149.6,5.47
2014-01-24,220,136.5,149.4,5.45
2014-01-27,212.1,134.6,146,5.46
2014-01-28,212,134.1,144.1,5.47
2014-01-29,209.5,134.7,142.1,5.48
2014-01-30,216,134.3,143.9,5.5
2014-01-31,219.6,137.1,140.7,5.52
2014-02-03,210.5,137.4,140,5.53
2014-02-04,206.7,136,141.3,5.52
2014-02-05,205.7,136.2,142.5,5.51
2014-02-06,205.8,132.3,144.2,5.53
2014-02-07,211,133.7,144.5,5.5
2014-02-10,210,136.5,146.9,5.47
2014-02-11,215.5,138.1,147.3,5.46
2014-02-12,214.5,140.2,147.7,5.5
2014-02-13,215,140,145.2,5.46
2014-02-14,233.2,141.5,147.3,5.44
2014-02-17,239,143.3,147.6,5.45
2014-02-18,238.9,143.5,147.8,5.43
2014-02-19,243.5,146.4,143.5,5.43
2014-02-20,241.9,147.3,140.2,5.44
2014-02-21,244.4,148,143.7,5.44
2014-02-24,245.3,153.4,142.1,5.43
2014-02-25,243.5,155.3,150,5.43
2014-02-26,243,154.8,147.5,5.44
2014-02-27,242.8,155.1,145.8,5.46
2014-02-28,244.2,157.6,145.8,5.4
2014-03-03,233.2,156,141.2,5.42
2014-03-04,240,161.4,143.6,5.42
2014-03-05,253.1,161.5,144.3,5.43
2014-03-06,250.4,162.7,143.7,5.43
2014-03-07,242.5,161.6,145,5.37
2014-03-10,246.3,161.6,142.9,5.38
2014-03-11,246.5,165,143.2,5.39
2014-03-12,241,163.9,140.2,5.37
2014-03-13,241,163.8,139.4,5.35
2014-03-14,237.5,163.5,136,5.38
2014-03-17,242.6,165.1,136.7,5.37
2014-03-18,242.7,167.5,139,5.37
2014-03-19,242.8,171,139,5.36
2014-03-20,237.5,168.7,137,5.42
2014-03-21,233.3,172.2,135.7,5.42
2014-03-24,220.2,172.2,133.7,5.42
2014-03-25,218.7,171.9,135.4,5.41
2014-03-26,218,172.6,135.8,5.41
2014-03-27,227.2,168,135.8,5.43
2014-03-28,225,167.9,134.8,5.43
2014-03-31,220.3,167,138.7,5.41
2014-04-01,221.8,168.5,142.1,5.41
2014-04-02,218.8,167.5,142.1,5.41
2014-04-03,218.2,162.1,141.5,5.42
2014-04-04,220.5,163,142.1,5.45
2014-04-07,212.5,157.5,138.2,5.44
2014-04-08,208.4,152.5,136,5.42
2014-04-09,215.6,153.9,137.8,5.41
2014-04-10,211,156,136.1,5.38
2014-04-11,200,152,134.1,5.38
2014-04-14,187.7,152.8,132.4,5.4
2014-04-15,183,151.4,131.6,5.41
2014-04-16,192,152.9,133,5.39
2014-04-22,208,157,135.4,5.4
2014-04-23,203.4,159.6,135.3,5.4
2014-04-24,200.5,159.2,135.5,5.4
2014-04-25,198.5,158.9,135.7,5.4
2014-04-28,199.5,158.7,134.5,5.39
2014-04-29,199.4,158.5,136.8,5.4
2014-04-30,199.9,156.8,143.4,5.39
2014-05-01,206,158,145.8,5.38
2014-05-02,214,158.6,145.1,5.38
2014-05-05,212,159,145.6,5.38
2014-05-06,213.1,154.1,147.3,5.35
2014-05-07,214.4,151.1,145.6,5.36
2014-05-08,213.1,153.5,145.8,5.35
2014-05-09,214.2,155.5,145.2,5.42
2014-05-12,217.2,156.8,146,5.42
2014-05-13,218.3,156.8,143.8,5.45
2014-05-14,217.5,156,143.4,5.44
2014-05-15,211.5,155.3,143.1,5.46
2014-05-19,208.9,153,140.4,5.44
2014-05-20,205,149.9,141,5.45
2014-05-21,205.8,146.5,141.9,5.46
2014-05-22,206,148.9,143.1,5.46
2014-05-23,205.8,147.9,142.9,5.48
2014-05-26,209.5,150,143.8,5.47
2014-05-27,217.1,148.8,145.4,5.47
2014-05-28,220.5,147.4,146.1,5.48
2014-06-02,219.5,145.8,146.1,5.48
2014-06-03,215.6,142,146,5.47
2014-06-04,229.6,142.5,147.1,5.48
2014-06-06,227.2,140.8,149.1,5.47
2014-06-10,230.6,145,148.1,5.51
2014-06-11,224.4,142.4,146.2,5.51
2014-06-12,225.3,140.6,148,5.51
2014-06-13,221.3,137.2,147.5,5.51
2014-06-16,218.9,138.3,146.5,5.51
2014-06-17,219.7,142.6,145.4,5.5
2014-06-18,219.9,145.9,146.4,5.5
2014-06-19,227.1,145.8,146.7,5.47
2014-06-20,233.4,145.1,145.7,5.49
2014-06-23,233.6,142.3,146.2,5.48
2014-06-24,232.8,143.5,144.2,5.47
2014-06-25,230.2,142.7,143.3,5.48
2014-06-26,234.5,143.9,143.1,5.48
2014-06-27,236.8,147.4,143.7,5.48
2014-07-01,227.9,136,145.4,5.45
2014-07-02,230.5,132.5,149.8,5.46
2014-07-03,228.6,135.2,152.8,5.46
2014-07-04,227.7,132.4,151.5,5.49
2014-07-07,225.3,131.5,151.2,5.49
2014-07-08,219,130.2,146.8,5.49
2014-07-09,214.3,126,146.1,5.48
2014-07-10,209.6,126,143.6,5.48
2014-07-11,211.3,125,144.2,5.48
2014-07-14,214.4,130.4,145.6,5.47
2014-07-15,211.8,131.5,143.9,5.48
2014-07-16,212.1,129.9,147,5.51
2014-07-17,209,128.6,146.2,5.51
2014-07-18,208.5,123.5,143.8,5.51
2014-07-21,207.8,124,145.5,5.52
2014-07-22,209,126.5,147.8,5.53
2014-07-23,210.5,126.9,149,5.54
2014-07-24,214.7,127.5,152,5.54
2014-07-25,219.5,126.6,151.2,5.55
2014-07-28,215.7,126.8,152.9,5.55
2014-07-29,221.1,127.6,155.1,5.55
2014-07-30,224.8,128,155.7,5.56
2014-07-31,223.3,127.6,152.6,5.57
2014-08-01,221.5,125,149.3,5.57
2014-08-04,218.8,122.8,150.7,5.55
2014-08-05,229.1,123,148.8,5.57
2014-08-06,221.2,120,147,5.59
2014-08-07,224.9,122.5,146.1,5.58
2014-08-08,223.2,120.8,144.7,5.57
2014-08-11,231.7,120.1,147,5.57
2014-08-12,228.3,119.8,148.6,5.59
2014-08-13,228.2,119.8,149.4,5.58
2014-08-14,232.4,119.3,150.4,5.58
2014-08-15,227.6,118.9,150.5,5.57
2014-08-18,226.5,118.6,152.3,5.57
2014-08-19,228.1,119.2,153.7,5.58
2014-08-20,229.4,119.4,167.1,5.61
2014-08-21,225.5,119.2,173.4,5.62
2014-08-22,224.8,118.3,173,5.62
2014-08-25,230.8,119.6,175,5.65
2014-08-26,230.5,120.4,174.2,5.65
2014-08-27,232.5,120.4,175,5.66
2014-08-28,229.8,119.7,174.4,5.65
2014-08-29,226.3,119.2,174.3,5.65
2014-09-01,224.6,117,172.1,5.67
2014-09-02,223.5,118.3,173.3,5.68
2014-09-03,226.3,119.6,176.2,5.66
2014-09-04,224.6,119.2,178.4,5.72
2014-09-05,223,118.9,176.4,5.75
2014-09-08,224,119.5,175.5,5.75
2014-09-09,226.2,120.1,174.8,5.77
2014-09-10,225.8,120.2,175.6,5.76
2014-09-11,232.2,120.8,175.2,5.76
2014-09-12,234.7,122,176.7,5.76
2014-09-15,235.1,122.3,175,5.77
2014-09-16,231.7,122,172.8,5.75
2014-09-17,234,123.8,175.1,5.75
2014-09-18,233.8,125.3,176.9,5.78
2014-09-19,237.8,128.1,176.3,5.79
2014-09-22,239,130.7,176,5.8
2014-09-23,235.5,129.1,174.5,5.77
2014-09-24,236.3,129.8,174.4,5.8
2014-09-25,244.5,131.3,176.9,5.86
2014-09-26,251.8,131.7,177.1,5.85
2014-09-29,252,131.5,177.2,5.86
2014-09-30,250,131.6,179.6,5.92
2014-10-01,251.1,131.3,180.8,5.91
2014-10-02,250.5,130.5,173.1,5.89
2014-10-03,256.5,131.3,173.9,5.9
2014-10-06,255,131.1,172.7,5.92
2014-10-07,251.3,128.5,171,5.9
2014-10-08,248,124.2,167.1,5.89
2014-10-09,247,122.5,169.6,5.83
2014-10-10,236.5,119,165.2,5.89
2014-10-13,233.5,116,164.4,5.87
2014-10-14,230.1,113.3,163.5,5.89
2014-10-15,220.4,115.7,157.6,5.88
2014-10-16,218.2,115.1,153.6,5.84
2014-10-17,232.4,119.6,160.6,5.81
2014-10-20,235.4,116.7,160.9,5.83
2014-10-21,240,117.8,169.2,5.84
2014-10-22,249.2,119.1,174.2,5.87
2014-10-23,252.4,121.9,176.4,5.88
2014-10-24,248.5,123.1,175.2,5.88
2014-10-27,248.9,124.6,176.4,5.87
2014-10-28,245.1,124.6,181,5.84
2014-10-29,247.9,126,184.3,5.84
2014-10-30,254,129.1,185.1,5.91
2014-10-31,258.9,126,188.4,5.94
2014-11-03,261.2,125.1,185.6,5.96
2014-11-04,269.4,125.7,183.7,5.95
2014-11-05,269.9,125,186.5,5.96
2014-11-06,273.1,128.9,184.9,5.94
2014-11-07,269,128,183.1,6
2014-11-10,274.5,127.8,182.7,5.96
2014-11-11,279,126.9,184.1,5.99
2014-11-12,275.7,126.8,182.4,5.97
2014-11-13,273.7,129.4,183.2,5.97
2014-11-14,273.7,128.2,183.2,5.99
2014-11-17,271.1,126.1,183.8,5.96
2014-11-18,276.2,126.1,186.9,5.95
2014-11-19,279.5,126.6,185.3,5.94
2014-11-20,278.7,126.5,182.9,5.94
2014-11-21,280.5,126.4,186.1,5.99
2014-11-24,284.6,128.4,188.9,6
2014-11-25,295.8,133,188.9,5.99
2014-11-26,295.4,133,188.8,5.96
2014-11-27,295.9,135,188.5,5.96
2014-11-28,295.7,134,187.3,5.96
2014-12-01,301.3,133.8,182.8,5.97
2014-12-02,296.4,132.4,188.4,5.99
2014-12-03,302,133,189.8,6.03
2014-12-04,306,131.4,188.2,6.04
2014-12-05,301.9,130.6,190.3,6.02
2014-12-08,323,130.7,190,6.07
2014-12-09,317.6,128.6,186.4,6.02
2014-12-10,332,127.4,186.9,6
2014-12-11,341.7,126.8,187.6,5.99
2014-12-12,341,123.6,183.5,5.97
2014-12-15,337.4,120.2,181.1,5.99
2014-12-16,339.9,119.8,179.6,5.93
2014-12-17,345.1,121.3,180.5,5.98
2014-12-18,354.1,122.6,183.2,6.06
2014-12-19,352.7,121.8,186.2,6.06
2014-12-22,360.4,124.7,187.9,6.07
2014-12-23,354.3,125.2,186.9,6.09
2014-12-29,359,124.7,189,6.1
2014-12-30,360.3,122.8,190.2,6.12
2015-01-02,371.5,126,193.1,6.18
2015-01-05,371.8,125,195.8,6.25
2015-01-06,363.4,122.3,191.5,6.25
2015-01-07,358,120.4,188.6,6.29
2015-01-08,371,123.9,189.8,6.32
2015-01-09,375,128.4,186.8,6.3
2015-01-12,389,127.1,186,6.3
2015-01-13,386.3,129.4,185.5,6.31
2015-01-14,387,126.1,182,6.32
2015-01-15,386,126.9,183.2,6.35
2015-01-16,392.7,128.8,183.1,6.42
2015-01-19,403.2,128.8,182.4,6.41
2015-01-20,411.7,128.7,181.6,6.42
2015-01-21,413.5,131.2,179.8,6.41
2015-01-22,402.8,128.4,186,6.41
2015-01-23,413.4,131.5,187.1,6.65
2015-01-26,431.2,134.2,190.8,6.62
2015-01-27,436.7,133.2,186.1,6.59
2015-01-28,443,134.2,186.9,6.56
2015-01-29,441.3,134.1,186.4,6.58
2015-01-30,442.8,134,186,6.58
2015-02-02,435.5,134.2,185,6.58
2015-02-03,425,134.2,187.7,6.54
2015-02-04,471,132.8,188.4,6.5
2015-02-05,446,127,189.1,6.53
2015-02-06,462.6,124.1,189.2,6.5
2015-02-09,466.8,124.6,186.1,6.6
2015-02-10,476,124.9,189,6.59
2015-02-11,477.5,125.5,185.1,6.58
2015-02-12,482.6,126.2,194.9,6.57
2015-02-13,486,126,197.4,6.54
2015-02-16,481.5,127.9,198,6.53
2015-02-17,480,129.6,198.7,6.52
2015-02-18,480.5,131.5,200,6.55
2015-02-19,478.5,131.6,204,6.54
2015-02-20,475,130,204.9,6.6
2015-02-23,486.9,130.7,212.6,6.61
2015-02-24,482.5,132.8,212.7,6.58
2015-02-25,487.3,132,211.1,6.58
2015-02-26,498.8,132.5,210.2,6.6
2015-02-27,493,132.5,208,6.64
2015-03-02,485,133.2,208,6.65
2015-03-03,518.5,133.2,206.9,6.67
2015-03-04,521,132,205.8,6.7
2015-03-05,546.5,145.2,209.6,6.73
2015-03-06,544.5,144.3,209.7,6.8
2015-03-09,547,142.1,209.1,6.86
2015-03-10,540.5,139.4,208,6.94
2015-03-11,548,139.6,210,7.05
2015-03-12,541,136,209.4,7.03
2015-03-13,547,136.6,205.3,7.06
2015-03-16,545.5,141.9,207,7.07
2015-03-17,533,139.3,202.9,7.02
2015-03-18,531,138.6,203,7.04
2015-03-19,533.5,141.2,204.8,6.98
2015-03-20,535,142.5,206.4,6.92
2015-03-23,529,145.4,207.6,6.83
2015-03-24,533.5,144.9,209.9,6.81
2015-03-25,497.2,144,211.4,6.8
2015-03-26,466.2,141.7,207.3,6.81
2015-03-27,516,144,209.2,6.88
2015-03-30,532.5,146,213,6.89
2015-03-31,523,146.5,218.1,6.94
2015-04-01,518,145.8,223,6.95
2015-04-07,526.5,149.1,228.6,6.89
2015-04-08,525,147.4,230.5,6.88
2015-04-09,531,148.5,230.1,6.93
2015-04-10,538,150.8,230.6,7.07
2015-04-13,542,151.2,243.4,7.08
2015-04-14,522.5,145,244.3,7.07
2015-04-15,523,144.9,244.7,7.06
2015-04-16,517.5,139.6,241.5,6.97
2015-04-17,514.5,132.8,243.2,6.9
2015-04-20,528.5,132.5,246.7,6.96
2015-04-21,536,135.7,256.7,6.97
2015-04-22,531.5,134.6,257.9,6.95
2015-04-23,524.5,130.1,255.4,6.93
2015-04-24,545.5,132.1,258.3,6.89
2015-04-27,560,131.9,262,6.89
2015-04-28,540,132,255.2,6.83
2015-04-29,514,128.6,247.5,6.78
2015-04-30,514,129.4,250.3,6.65
2015-05-04,531,129.6,253.9,6.69
2015-05-05,534,130.5,252,6.71
2015-05-06,522.5,156.4,248.8,6.65
2015-05-07,528.5,151.5,254.1,6.6
2015-05-08,537,147.1,255,6.65
2015-05-11,539,140.7,258.2,6.7
2015-05-12,529.5,139.8,252,6.64
2015-05-13,559.5,138.9,254,6.65
2015-05-18,561.5,135.9,256,6.55
2015-05-19,587.5,138.5,259.8,6.67
2015-05-20,588,138.1,261.2,6.71
2015-05-21,575,135.8,257,6.7
2015-05-22,577.5,136.5,257.8,6.68
2015-05-26,582,135.8,259,6.82
2015-05-27,582,134.1,260,6.86
2015-05-28,598.5,134.8,260.3,6.85
2015-05-29,596.5,132.8,263.3,6.8
2015-06-01,597.5,133.5,262.1,6.82
2015-06-02,595.5,132.5,261.8,6.76
2015-06-03,596.5,133.5,263.4,6.7
2015-06-04,593,132.2,261.4,6.59
2015-06-08,606.5,130.8,264.6,6.68
2015-06-09,599,129.9,259.5,6.63
2015-06-10,617,129.1,262.9,6.62
2015-06-11,623.5,131.5,263.3,6.64
2015-06-12,609,129.7,259.7,6.65
2015-06-15,585.5,128.4,251.3,6.65
2015-06-16,596,129.1,253.1,6.65
2015-06-17,581,131.1,252,6.61
2015-06-18,586,137.5,250.6,6.54
2015-06-19,577.5,136,252.4,6.6
2015-06-22,596.5,135.5,261.4,6.58
2015-06-23,600,133.4,262.5,6.66
2015-06-24,592.5,134,261.8,6.65
2015-06-25,593.5,131.5,266.3,6.66
2015-06-26,595,130.9,265.3,6.66
2015-06-29,575,130.5,256.6,6.7
2015-06-30,582,129,255.8,6.67
2015-07-01,595,135.4,259.3,6.72
2015-07-02,581.5,135.5,250.2,6.74
2015-07-03,579.5,136.3,247.9,6.72
2015-07-06,583,136,243.1,6.78
2015-07-07,585.5,136.7,238.4,6.83
2015-07-08,571,139,236.7,6.77
2015-07-09,593.5,141.8,238.4,6.75
2015-07-10,609.5,144.4,245.6,6.67
2015-07-13,629,155.8,253.7,6.75
2015-07-14,632,155.8,250,6.76
2015-07-15,651,154.2,251.8,6.78
2015-07-16,669,155,255.2,6.87
2015-07-17,683.5,156.9,252.4,6.85
2015-07-20,684.5,161,252.1,6.88
2015-07-21,666,159.4,249.4,6.87
2015-07-22,675,162.2,250.4,6.84
2015-07-23,670.5,164.5,251,6.78
2015-07-24,672.5,162.3,250.8,6.82
2015-07-27,640,159,247.3,6.75
2015-07-28,646.5,156.5,250,6.77
2015-07-29,658,159.9,250.1,6.76
2015-07-30,638,159.8,249,6.81
2015-07-31,639.5,160.6,256.9,6.8
2015-08-03,655,158.8,266.7,6.81
2015-08-04,650.5,160.8,265.6,6.8
2015-08-05,652,163,272,6.86
2015-08-06,650,163.1,268.3,6.85
2015-08-07,626,160,262.6,6.82
2015-08-10,642,164.9,264.1,6.81
2015-08-11,643.5,167.4,264.7,6.75
2015-08-12,615.5,162.5,256.1,6.69
2015-08-13,625.5,168.8,259.2,6.72
2015-08-14,639,165.8,265.1,6.68
2015-08-17,629.5,166.5,264,6.72
2015-08-18,638.5,168.9,266,6.75
2015-08-19,622,201,252.1,6.76
2015-08-20,583,197,245.9,6.67
2015-08-21,575,197.6,243,6.62
2015-08-24,548,192.5,235,6.49
2015-08-25,569,196.4,251.1,6.49
2015-08-26,560.5,203.1,247.7,6.55
2015-08-27,610,210,255.7,6.61
2015-08-28,591.5,209.2,253.3,6.62
2015-08-31,597.5,206.1,253.2,6.65
2015-09-01,577,198.6,248.5,6.64
2015-09-02,603,197.3,253.7,6.63
2015-09-03,628,199.4,259.9,6.64
2015-09-04,612.5,194.2,252.1,6.7
2015-09-07,637,197.1,252.1,6.69
2015-09-08,642,196.8,255,6.68
2015-09-09,644,199.5,255.8,6.7
2015-09-10,647.5,198,255.5,6.67
2015-09-11,649,198.1,255.2,6.62
2015-09-14,645,197.6,250.8,6.6
2015-09-15,645,199.5,251,6.59
2015-09-16,637.5,199,250,6.64
2015-09-17,638,197.6,255.6,6.6
2015-09-18,646.5,200.1,254.8,6.53
2015-09-21,662,200,257.3,6.63
2015-09-22,650,193.9,253.2,6.69
2015-09-23,650.5,188.1,250.9,6.69
2015-09-24,640,190.2,251.8,6.64
2015-09-25,654,185.7,261.9,6.69
2015-09-28,627,188.5,258.7,6.68
2015-09-29,601.5,182.5,255,6.66
2015-09-30,611.5,178,253.9,6.66
2015-10-01,619,187.8,251.9,6.69
2015-10-02,623,183.3,250.1,6.68
2015-10-05,635,185,248.8,6.64
2015-10-06,632.5,184.4,253.9,6.65
2015-10-07,636.5,190.3,253.6,6.62
2015-10-08,625,190,250.8,6.63
2015-10-09,622,189.3,244.7,6.57
2015-10-12,611.5,189.8,240.7,6.56
2015-10-13,613,190,238,6.56
2015-10-14,593.5,190.7,236.5,6.54
2015-10-15,613,193.4,238.2,6.52
2015-10-16,628,195.3,243.2,6.57
2015-10-19,634.5,200.1,244.8,6.58
2015-10-20,636.5,199.9,243.8,6.56
2015-10-21,634,199.5,240.7,6.57
2015-10-22,636.5,194.7,236.7,6.59
2015-10-23,646,194.1,238,6.73
2015-10-26,668.5,196,242.9,6.78
2015-10-27,663,200.6,221,6.74
2015-10-28,667,202.8,224.3,6.73
2015-10-29,670,200,222.7,6.82
2015-10-30,669,199.3,223.1,6.77
2015-11-02,680,203.5,223.4,6.76
2015-11-03,672.5,204.8,223.7,6.8
2015-11-04,707.5,212,223.5,6.82
2015-11-05,697.5,221,222.7,6.85
2015-11-06,705,222,229.9,6.87
2015-11-09,711.5,219.4,228,6.92
2015-11-10,720,218.4,226.9,6.96
2015-11-11,738.5,218.2,228.9,6.96
2015-11-12,728,216.9,228.5,6.96
2015-11-13,734.5,214.7,227.9,6.93
2015-11-16,744,213.5,227.3,6.96
2015-11-17,744,209.5,227.3,6.99
2015-11-18,827,209.4,229.1,6.99
2015-11-19,840,211.2,230.3,6.98
2015-11-20,840,212,226.2,6.98
2015-11-23,840.5,212.4,226.2,7.02
2015-11-24,836.5,211.2,227.2,7
2015-11-25,860,211.8,228.6,7.05
2015-11-26,875.5,212,225.2,7.03
2015-11-27,892.5,212.2,226.8,7.05
2015-11-30,892.5,214.5,226.8,7.05
2015-12-01,891.5,218,233.1,7.04
2015-12-02,909.5,217.5,229.5,7.03
2015-12-03,917.5,218,229.8,6.99
2015-12-04,926,212.8,227,6.84
2015-12-07,926,221.9,229.8,6.9
2015-12-08,938,220.3,223.8,6.86
2015-12-09,954,217.1,221.8,6.82
2015-12-10,939.5,217,219.7,6.82
2015-12-11,939.5,211.5,213.2,6.81
2015-12-14,911,211.3,211.6,6.79
2015-12-15,919.5,211.7,211.6,6.79
2015-12-16,919.5,211.5,213.3,6.82
2015-12-17,925.5,213.3,213.3,6.88
2015-12-18,915.5,212.1,214.4,6.89
2015-12-21,915.5,217.7,214.8,6.86
2015-12-22,910,218.9,212.9,6.81
2015-12-23,919.5,222.4,218.7,6.84
2015-12-28,919.5,230.2,218.5,6.81
2015-12-29,924,234.7,222.1,6.81
2015-12-30,917.5,235.4,221.8,6.83
2016-01-04,925,228.9,216.4,6.85
2016-01-05,925,240,214.4,6.94
2016-01-06,913,234.1,212.4,6.94
2016-01-07,913,232,211.8,6.86
2016-01-08,878.5,233.5,208.4,6.87
2016-01-11,844.5,226,205.5,6.85
2016-01-12,874,223.7,207,6.89
2016-01-13,877,227.4,204.3,6.9
2016-01-14,863,219.6,201.4,6.85
2016-01-15,819,215.6,193.7,6.84
2016-01-18,801.5,212.9,189.7,6.85
2016-01-19,839,216.9,191.9,6.87
2016-01-20,802.5,213.1,184.7,6.84
2016-01-21,816.5,215,187.6,6.85
2016-01-22,841.5,222,194.4,6.9
2016-01-25,866.5,229.7,196.9,6.9
2016-01-26,871.5,230.1,199.5,6.89
2016-01-27,866,230.3,197.1,6.85
2016-01-28,841,221.9,194.9,6.84
2016-01-29,859,223,200.5,6.83
2016-02-01,851.5,220.4,197.8,6.86
2016-02-02,849,220.8,191.6,6.83
2016-02-03,826.5,216.9,187.7,6.83
2016-02-04,801,232.3,192.7,6.66
2016-02-05,750,224.4,190,6.66
2016-02-08,663.5,210.5,180.7,6.72
2016-02-09,638,206.9,172.6,6.64
2016-02-10,674,226.7,183.4,6.63
2016-02-11,653.5,223.5,176.9,6.58
2016-02-12,649,233.8,181.2,6.62
2016-02-15,691,240.5,190.8,6.68
2016-02-16,695,234.9,190.2,6.68
2016-02-17,717,241.9,194,6.7
2016-02-18,746.5,246.1,192.3,6.73
2016-02-19,763.5,243.8,190.1,6.73
2016-02-22,785.5,249.7,193.6,6.77
2016-02-23,794.5,255,195.8,6.78
2016-02-24,779,248.8,179.3,6.8
2016-02-25,822.5,248,184.6,6.77
2016-02-26,845,252.3,187.3,6.78
2016-02-29,843.5,257.3,186.8,6.85
2016-03-01,858,254.4,187.1,6.86
2016-03-02,856,247,191.8,6.87
2016-03-03,832,239.7,193.9,6.84
2016-03-04,820,239.9,197.7,6.8
2016-03-07,821,235.8,197.1,6.81
2016-03-08,808.5,230.9,195.7,6.77
2016-03-09,805.5,231.6,197.5,6.8
2016-03-10,801,232,196.3,6.87
2016-03-11,808.5,240.5,199.3,6.73
2016-03-14,834,245.4,200.9,6.71
2016-03-15,826,246.2,201.1,6.71
2016-03-16,830,245.1,204.9,6.74
2016-03-17,815.5,239.7,203.5,6.59
2016-03-18,819,240.5,192.5,6.61
2016-03-21,816.5,239.2,192.9,6.61
2016-03-22,842.5,246.1,190.9,6.65
2016-03-23,856,248,189.3,6.67
2016-03-29,850,230,186.5,6.66
2016-03-30,858.5,221.3,190,6.58
2016-03-31,907.5,216.2,187.7,6.54
2016-04-01,923.5,215.3,187.7,6.52
2016-04-04,925,222.8,188.2,6.54
2016-04-05,913,225.1,182.9,6.55
2016-04-06,913,231,184.1,6.56
2016-04-07,923,233.3,181.4,6.55
2016-04-08,944.5,238.1,184.5,6.55
2016-04-11,941.5,235.8,184.2,6.53
2016-04-12,925,230.1,180.5,6.53
2016-04-13,912.5,225.1,181.2,6.59
2016-04-14,936.5,226,181,6.61
2016-04-15,930,224.6,181,6.59
2016-04-18,951,222.3,181.6,6.58
2016-04-19,967,224.9,180.2,6.56
2016-04-20,943,221.3,179.5,6.54
2016-04-21,970.5,219.5,181.6,6.55
2016-04-25,970,228.9,178.8,6.61
2016-04-26,960.5,220.6,181.6,6.59
2016-04-27,969,223,186.6,6.58
2016-04-28,971,218.8,186.1,6.55
2016-04-29,963,217.1,183.8,6.53
2016-05-02,963,219.7,183.2,6.47
2016-05-03,960.5,217.2,177.9,6.43
2016-05-04,950.5,218.3,176.7,6.47
2016-05-09,987.5,231.7,175.9,6.53
2016-05-10,998,235.6,177.7,6.54
2016-05-11,1000,240.9,176.4,6.52
2016-05-12,1003,239.2,175.1,6.53
2016-05-13,1009,240.2,175.4,6.56
2016-05-17,1014,237.6,172.8,6.57
2016-05-18,1016,239.8,176.3,6.59
2016-05-19,1067,245.3,177.5,6.64
2016-05-20,1130,252.4,180.7,6.63
2016-05-23,1205,256.3,182.2,6.63
2016-05-24,1229,257.3,186.3,6.66
2016-05-25,1205,261,189.6,6.67
2016-05-26,1183,262.6,190,6.66
2016-05-27,1177,259.2,190.9,6.66
2016-05-30,1194,262.3,192.9,6.68
2016-05-31,1208,263,190.6,6.67
2016-06-01,1219,261,190,6.66
2016-06-02,1230,260.1,191,6.65
2016-06-03,1241,259.6,187,6.67
2016-06-06,1250,259,186.9,6.55
2016-06-07,1266,257.7,188.9,6.55
2016-06-08,1233,256.5,185.9,6.54
2016-06-09,1233,254.8,181.7,6.56
2016-06-10,1161,247.8,175,6.58
2016-06-13,1131,247.3,173.2,6.6
2016-06-14,1093,238.5,170.4,6.62
2016-06-15,1108,240.7,172.4,6.62
2016-06-16,1045,236.2,168.2,6.65
2016-06-17,1097,238.1,173.9,6.61
2016-06-20,1139,236.3,178.9,6.56
2016-06-21,1137,235.5,179.8,6.57
2016-06-22,1158,235.2,180.2,6.59
2016-06-23,1177,239.1,182.5,6.53
2016-06-24,1127,236.5,169.8,6.72
2016-06-27,1078,234.7,157.7,6.76
2016-06-28,1114,238.7,164,6.72
2016-06-29,1170,247,163.9,6.71
2016-06-30,1210,249.8,167.2,6.7
2016-07-01,1237,249.2,168,6.68
2016-07-04,1230,257.5,166.6,6.68
2016-07-05,1210,253.6,161.3,6.68
2016-07-06,1189,252.8,156.8,6.72
2016-07-07,1191,268.8,163.8,6.72
2016-07-08,1202,266.1,169.2,6.72
2016-07-11,1224,269.1,172.6,6.73
2016-07-12,1202,267.5,175.7,6.71
2016-07-13,1183,265.8,174.7,6.72
2016-07-14,1170,262.1,176.1,6.67
2016-07-15,1142,261.3,174.7,6.68
2016-07-18,1142,264.7,174.2,6.73
2016-07-19,1160,268.4,173.9,6.74
2016-07-20,1159,274,176.7,6.75
2016-07-21,1157,270.4,177.1,6.75
2016-07-22,1148,270.5,176.9,6.75
2016-07-25,1145,267.1,177.2,6.77
2016-07-26,1210,274.6,178.3,6.76
2016-07-27,1193,269.2,179.7,6.77
2016-07-28,1213,271.5,178,6.71
2016-07-29,1206,270.5,178.7,6.69
2016-08-01,1218,274.9,176.5,6.66
2016-08-02,1198,276.5,174.4,6.65
2016-08-03,1202,273.3,174.7,6.64
2016-08-04,1228,274.1,177.1,6.68
2016-08-05,1223,273.7,180.1,6.67
2016-08-08,1198,271,180.6,6.71
2016-08-09,1233,273.4,183.3,6.71
2016-08-10,1167,273.5,182.5,6.65
2016-08-11,1170,267.1,182.2,6.67
2016-08-12,1132,267,184,6.67
2016-08-15,1133,278.5,185,6.66
2016-08-16,1116,274.3,184.8,6.59
2016-08-17,1113,270.5,184.8,6.6
2016-08-18,1092,268.4,185.8,6.57
2016-08-19,1109,268.1,185.6,6.57
2016-08-22,1150,275.9,187,6.58
2016-08-23,1156,277,191,6.56
2016-08-24,1126,277.7,196,6.61
2016-08-25,1103,276.7,201,6.59
2016-08-26,1094,274.9,206.9,6.6
2016-08-29,1085,271.6,204.6,6.67
2016-08-30,1095,274.3,208,6.67
2016-08-31,1066,266.6,211.4,6.69
2016-09-01,1059,264.5,212.7,6.68
2016-09-02,1049,266.4,215.3,6.65
2016-09-05,1055,269.1,215.1,6.67
2016-09-06,1058,268.7,212.2,6.67
2016-09-07,1045,271.1,212.3,6.62
2016-09-08,1029,269,211.8,6.59
2016-09-09,1000,258.6,209.8,6.61
2016-09-12,985.5,259.3,208.5,6.63
2016-09-13,1025,257.4,206.6,6.62
2016-09-14,1080,259.4,206.6,6.64
2016-09-15,1080,259.5,208.6,6.62
2016-09-16,1103,263.3,205.1,6.63
2016-09-19,1098,267.8,205.7,6.67
2016-09-20,1123,271.2,205.3,6.66
2016-09-21,1152,269.3,206.7,6.69
2016-09-22,1146,271.7,206.9,6.63
2016-09-23,1143,230.1,204.3,6.65
2016-09-26,1134,228.3,201.6,6.62
2016-09-27,1128,228.1,200,6.64
2016-09-28,1142,224.8,202.3,6.64
2016-09-29,1128,219.4,203,6.64
2016-09-30,1130,217.1,201.4,6.68
2016-10-03,1142,217.6,202.3,6.63
2016-10-04,1132,215.6,203.7,6.67
2016-10-05,1130,219.6,206.3,6.64
2016-10-06,1136,216.7,211,6.65
2016-10-07,1136,216.8,209.3,6.68
2016-10-10,1147,222.2,208.7,6.67
2016-10-11,1136,219.9,206.2,6.72
2016-10-12,1127,219.1,206,6.75
2016-10-13,1105,217.1,202.8,6.74
2016-10-14,1123,220.8,207.4,6.76
2016-10-17,1117,217.9,206.8,6.77
2016-10-18,1137,218.6,208.5,6.77
2016-10-19,1145,221.7,210,6.78
2016-10-20,1156,224,212.1,6.78
2016-10-21,1135,226.1,215.3,6.83
2016-10-24,1144,222.9,216.8,6.83
2016-10-25,1114,218.8,216.6,6.84
2016-10-26,1104,218.7,212.2,6.81
2016-10-27,1142,220.1,214.2,6.81
2016-10-28,1130,215.9,213.5,6.81
2016-10-31,1118,218.5,211.9,6.8
2016-11-01,1064,215.1,208.9,6.75
2016-11-02,1067,226.4,199.8,6.71
2016-11-03,1189,242.1,202.3,6.73
2016-11-04,1158,240.3,198.5,6.71
2016-11-07,1189,241.1,203.9,6.73
2016-11-08,1174,246.9,204.4,6.74
2016-11-09,1226,257.2,205.5,6.75
2016-11-10,1211,255.5,210.5,6.83
2016-11-11,1200,260,209.3,6.83
2016-11-14,1202,260.8,210.5,6.91
2016-11-15,1217,261.6,209.3,6.91
2016-11-16,1229,260.9,208.2,6.95
2016-11-17,1249,263.7,207.9,6.94
2016-11-18,1246,265.8,210.5,7
2016-11-21,1245,264.4,210.5,7
2016-11-22,1251,263.2,215.3,7.01
2016-11-23,1233,264,208.9,7.02
2016-11-24,1227,266.1,207.8,7.05
2016-11-25,1252,267.9,207.9,7.02
2016-11-28,1229,268.7,205.8,7.03
2016-11-29,1237,264.4,208.1,7.03
2016-11-30,1216,267.6,206.5,7
2016-12-01,1186,264.1,208.8,7
2016-12-02,1180,268.6,205.5,6.99
2016-12-05,1193,265.9,207,6.95
2016-12-06,1155,258.8,209.9,6.93
2016-12-07,1160,258,210.6,6.93
2016-12-08,1165,261.2,217.5,6.91
2016-12-09,1200,270.3,219,7.04
2016-12-12,1175,268.6,217,7.02
2016-12-13,1172,271.5,221.1,7.01
2016-12-14,1147,271,222.7,6.99
2016-12-15,1145,275.5,223.2,7.14
2016-12-16,1139,279.6,220.5,7.12
2016-12-19,1150,276.8,220.4,7.13
2016-12-20,1160,273.5,220,7.17
2016-12-21,1151,279,219.9,7.13
2016-12-22,1136,274.6,219.4,7.12
2016-12-23,1141,277.5,218.3,7.12
2016-12-27,1167,284.9,219.7,7.12
2016-12-28,1174,283.9,219,7.15
2016-12-29,1177,285.3,218.6,7.11
2016-12-30,1173,287.3,219.2,7.05
2017-01-02,1192,295.5,223.7,7.1
2017-01-03,1204,294.2,223.9,7.16
2017-01-04,1236,289.9,221.2,7.12
2017-01-05,1291,296.8,222.7,7.08
2017-01-06,1300,299.9,222.7,7.02
2017-01-09,1290,299.8,217.4,7.07
2017-01-10,1287,302.6,218.8,7.04
2017-01-11,1291,304.5,219.1,7.08
2017-01-12,1250,295,221.1,6.96
2017-01-13,1286,299.3,224.2,6.97
2017-01-16,1263,295.7,224.4,7.02
2017-01-17,1264,294.9,222.8,6.96
2017-01-18,1275,296,220.6,6.97
2017-01-19,1262,297,223.5,6.97
2017-01-20,1250,293,224.2,6.99
2017-01-23,1273,290.8,220.6,6.94
2017-01-24,1288,288,222.8,6.92
2017-01-25,1298,285.4,231,6.92
2017-01-26,1314,287,232.1,6.95
2017-01-27,1327,291.6,232.2,6.96
2017-01-30,1333,293.5,228.2,7
2017-01-31,1328,295.2,228,6.92
2017-02-01,1349,298.3,232.9,6.89
2017-02-02,1362,299.1,235,6.88
2017-02-03,1377,300.7,238.1,6.92
2017-02-06,1402,305,233.9,6.94
2017-02-07,1402,305,236.3,6.97
2017-02-08,1379,289.5,234.8,6.97
2017-02-09,1418,293,236.1,6.95
2017-02-10,1424,294.4,236.5,6.99
2017-02-13,1435,292.2,239,7
2017-02-14,1428,290.2,240.8,7
2017-02-15,1430,288.7,249,7.04
2017-02-16,1433,289.7,246.9,6.98
2017-02-17,1407,287.7,245.2,6.98
2017-02-20,1395,287.5,244,7
2017-02-21,1422,293.1,246.4,7.05
2017-02-22,1415,296.1,244.5,7.07
2017-02-23,1424,298.4,244.4,7.03
2017-02-24,1371,292.9,240.8,7.01
2017-02-27,1347,286.1,241.5,7.02
2017-02-28,1390,286.4,242.8,7.01
2017-03-01,1375,292,250,7.06
2017-03-02,1394,294.7,248.2,7.07
2017-03-03,1385,294.2,250,7.04
2017-03-06,1370,290.6,249.2,7.02
2017-03-07,1362,291.7,250.3,7.03
2017-03-08,1352,290.9,250.4,7.04
2017-03-09,1367,292,252.8,7.05
2017-03-10,1392,294.7,253.5,7.01
2017-03-13,1420,299.1,253.9,6.97
2017-03-14,1443,304.9,252.3,6.99
2017-03-15,1454,302.8,253.8,7
2017-03-16,1482,303.3,256.1,6.93
2017-03-17,1475,307.4,256.4,6.92
2017-03-20,1448,308.3,258,6.91
2017-03-21,1415,308.2,254.8,6.88
2017-03-22,1395,311,254.4,6.88
2017-03-23,1394,317.9,254.2,6.89
2017-03-24,1406,318.4,242.6,6.88
2017-03-27,1383,316.8,239.1,6.83
2017-03-28,1402,320,242.9,6.85
2017-03-29,1427,322.1,240.6,6.92
2017-03-30,1413,326.1,239.6,6.93
2017-03-31,1343,323.4,241.7,6.96
2017-04-03,1264,323.6,242.6,6.98
2017-04-04,1289,331.4,243.5,6.98
2017-04-05,1257,331.3,246.6,6.96
2017-04-06,1255,333.2,245.8,6.97
2017-04-07,1240,334.4,243.2,7
2017-04-10,1278,339.3,242.4,7.03
2017-04-11,1270,337.4,240,7.01
2017-04-12,1255,340,238.7,7.01
2017-04-18,1278,338,235.9,6.96
2017-04-19,1299,336.5,238.7,6.94
2017-04-20,1313,346,243.1,6.92
2017-04-21,1305,341.8,242,6.95
2017-04-24,1316,347.9,249.1,6.86
2017-04-25,1317,351.3,249.4,6.83
2017-04-26,1367,353.3,249.7,6.83
2017-04-27,1371,357.3,248.4,6.84
2017-04-28,1358,350,248.4,6.81
2017-05-01,1372,355.8,250.2,6.81
2017-05-02,1381,336.4,247.5,6.81
2017-05-03,1370,316,236,6.81
2017-05-04,1371,320.1,235,6.81
2017-05-05,1367,321.4,238.8,6.78
2017-05-08,1372,320,241.6,6.8
2017-05-09,1344,325.6,244.9,6.83
2017-05-10,1403,336,244.7,6.84
2017-05-11,1357,340.1,243,6.85
2017-05-15,1383,343.1,245,6.78
2017-05-16,1389,341.6,242.7,6.73
2017-05-17,1340,336.1,237.7,6.69
2017-05-18,1405,335,236.9,6.69
2017-05-19,1418,338.3,238.5,6.66
2017-05-22,1401,343.7,238.5,6.62
2017-05-23,1382,350.1,240.7,6.64
2017-05-24,1387,349.9,240.6,6.65
2017-05-29,1363,343.7,238.8,6.65
2017-05-30,1362,347.2,237.5,6.66
2017-05-31,1413,353.3,237.5,6.63
2017-06-01,1440,342.5,236,6.63
2017-06-02,1453,342.9,238.6,6.63
2017-06-06,1454,350.3,236.8,6.61
2017-06-07,1417,346.9,240.8,6.63
2017-06-08,1408,348.5,238.2,6.62
2017-06-09,1404,349.5,242.5,6.66
2017-06-12,1371,344.3,240.5,6.63
2017-06-13,1423,349,243.3,6.63
2017-06-14,1413,350.8,244,6.64
2017-06-15,1395,350,243.1,6.66
2017-06-16,1402,364.7,245.9,6.66
2017-06-19,1424,368.7,250.6,6.64
2017-06-20,1417,370.2,249.5,6.67
2017-06-21,1441,374.8,248.9,6.67
2017-06-22,1476,386,241.2,6.66
2017-06-23,1478,373.2,240,6.66
2017-06-26,1456,371.5,239.6,6.65
2017-06-27,1428,365.9,239.4,6.59
2017-06-28,1396,368.2,242.4,6.54
2017-06-29,1397,362.5,244.4,6.52
2017-06-30,1389,365.4,245.4,6.52
2017-07-03,1381,367.5,250,6.54
2017-07-04,1375,369.1,249.8,6.55
2017-07-05,1389,376.2,251.1,6.56
2017-07-06,1376,369.4,251.3,6.53
2017-07-07,1382,387.1,250.2,6.52
2017-07-10,1386,395.5,252.2,6.53
2017-07-11,1380,386.5,252.1,6.52
2017-07-12,1414,376.3,250.7,6.5
2017-07-13,1412,373.1,251.8,6.51
2017-07-14,1430,371.6,252.1,6.51
2017-07-17,1434,374.4,252.4,6.49
2017-07-18,1450,371.1,251.7,6.44
2017-07-19,1438,376,256.4,6.45
2017-07-20,1432,384.2,257.3,6.48
2017-07-21,1438,383.8,255.9,6.39
2017-07-24,1411,378.6,256.6,6.38
2017-07-25,1417,380.6,261.5,6.36
2017-07-26,1428,391.8,262.1,6.39
2017-07-27,1437,384,264.9,6.36
2017-07-28,1429,370.2,262.9,6.34
2017-07-31,1429,377.5,262,6.34
2017-08-01,1411,373.9,262,6.3
2017-08-02,1398,370.7,261,6.29
2017-08-03,1399,376,259.4,6.27
2017-08-04,1389,381,261.4,6.27
2017-08-07,1408,386.8,261.5,6.31
2017-08-08,1395,383.7,260.6,6.3
2017-08-09,1386,365,258.5,6.34
2017-08-10,1333,376,256.6,6.34
2017-08-11,1359,371.8,252.3,6.32
2017-08-14,1358,367.9,257.9,6.3
2017-08-15,1360,376.6,257.7,6.33
2017-08-16,1366,380.5,258,6.35
2017-08-17,1360,382.9,252.6,6.36
2017-08-18,1324,375.8,254.3,6.33
2017-08-21,1310,379.2,253.9,6.32
2017-08-22,1339,392.9,258.4,6.32
2017-08-23,1301,390.1,257.4,6.3
2017-08-24,1448,397.9,259.5,6.3
2017-08-25,1401,397.8,263.1,6.3
2017-08-28,1425,392.1,260.8,6.24
2017-08-29,1440,387.1,245,6.17
2017-08-30,1429,393.7,242,6.24
2017-08-31,1458,397.9,243.7,6.29
2017-09-01,1460,404.3,247.7,6.24
2017-09-04,1447,400.2,244.9,6.25
2017-09-05,1446,400.6,242.9,6.26
2017-09-06,1425,402.1,240.9,6.24
2017-09-07,1442,404.8,241.9,6.21
2017-09-08,1454,411.8,243.6,6.17
2017-09-11,1455,354.9,246.8,6.2
2017-09-12,1438,344.8,246.4,6.23
2017-09-13,1445,355.5,246.6,6.21
2017-09-14,1453,363.3,247,6.26
2017-09-15,1416,362.2,244.2,6.22
2017-09-18,1426,357.7,246,6.23
2017-09-19,1431,360.1,254.9,6.22
2017-09-20,1427,367.1,255.2,6.2
2017-09-21,1414,364.4,257.4,6.25
2017-09-22,1428,373.7,256.1,6.22
2017-09-25,1435,375,255.5,6.27
2017-09-26,1398,361.6,254.2,6.31
2017-09-27,1392,362.8,259,6.34
2017-09-28,1402,366.1,259.2,6.32
2017-09-29,1390,363.3,261.3,6.3
2017-10-02,1418,370,262,6.34
2017-10-03,1431,371.4,262,6.33
2017-10-04,1434,376.5,262.4,6.31
2017-10-05,1432,379.4,263.7,6.34
2017-10-06,1390,383.7,262.3,6.36
2017-10-09,1390,385.6,261.1,6.34
2017-10-10,1421,394.9,262.9,6.31
2017-10-11,1420,392,255.7,6.29
2017-10-12,1424,393.4,254.1,6.28
2017-10-13,1432,396.4,249.5,6.3
2017-10-16,1435,384,247.9,6.31
2017-10-17,1346,388.9,249.3,6.33
2017-10-18,1332,384,252.6,6.34
2017-10-19,1320,380.4,248.6,6.29
2017-10-20,1328,381,252.5,6.3
2017-10-23,1323,389,251,6.34
2017-10-24,1280,388.8,251.2,6.33
2017-10-25,1291,388.4,247.7,6.32
2017-10-26,1265,386.2,249.8,6.33
2017-10-27,1297,389.9,247.6,6.41
2017-10-30,1281,389,247.4,6.41
2017-10-31,1290,379.6,249.2,6.39
2017-11-01,1261,371.1,252,6.41
2017-11-02,1223,365,249.9,6.39
2017-11-03,1206,366.1,244.5,6.38
2017-11-06,1240,368.5,248.1,6.42
2017-11-07,1233,373.7,247.8,6.44
2017-11-08,1230,346.4,248.3,6.42
2017-11-09,1181,345.7,245.8,6.4
2017-11-10,1149,351.3,246.9,6.39
2017-11-13,1130,351.3,245.2,6.38
2017-11-14,1125,355.5,245.7,6.34
2017-11-15,1133,352.9,244.7,6.29
2017-11-16,1210,356,245.8,6.32
2017-11-17,1225,356.3,243.6,6.31
2017-11-20,1195,354.9,243.4,6.32
2017-11-21,1231,352.3,243.2,6.35
2017-11-22,1202,349,244.1,6.33
2017-11-23,1198,343.8,243.4,6.28
2017-11-24,1195,336.3,245.1,6.27
2017-11-27,1190,312.2,242.8,6.23
2017-11-28,1213,317.6,244.7,6.26
2017-11-29,1200,309.6,250.3,6.29
2017-11-30,1230,315.3,244.5,6.28
2017-12-01,1212,312.1,243,6.26
2017-12-04,1195,307,243.4,6.27
2017-12-05,1164,303.4,239,6.28
2017-12-06,1192,300.6,236.3,6.3
2017-12-07,1165,300.9,239.8,6.31
2017-12-08,1194,303.9,244,6.34
2017-12-11,1183,302.7,246,6.31
2017-12-12,1110,307.1,246,6.33
2017-12-13,1052,305,246,6.34
2017-12-14,1034,303.2,246.7,6.28
2017-12-15,1032,301.2,244.6,6.31
2017-12-18,1031,306.9,249.7,6.31
2017-12-19,1023,308.3,248.1,6.3
2017-12-20,1031,303.2,251.3,6.28
2017-12-21,1053,301.8,252.6,6.28
2017-12-22,1046,299.6,251.6,6.28
2017-12-27,1053,310,251.9,6.26
2017-12-28,1040,303.8,251.4,6.24
2017-12-29,1029,315,249.9,6.21
2018-01-02,1058,312,250.6,6.17
2018-01-03,1057.5,317.2,250,6.19
2018-01-04,1035,311.3,252,6.17
2018-01-05,1100,316.6,251.6,6.18
2018-01-08,1151.5,319,251.2,6.22
2018-01-09,1152.5,320.1,251,6.24
2018-01-10,1172,316.3,256,6.21
2018-01-11,1150,314.8,257.2,6.2
2018-01-12,1145,314.2,255.6,6.14
2018-01-15,1145,313.8,253.6,6.07
2018-01-16,1146.5,316.8,252.2,6.09
2018-01-17,1155.5,318.2,250.8,6.1
2018-01-18,1137,308.7,251,6.09
2018-01-19,1170.5,316,251.4,6.08
2018-01-22,1170.5,314,253,6.08
2018-01-23,1133,322.1,250.8,6.08
2018-01-24,1114.5,319.7,249.2,6.03
2018-01-25,1099,315,243.2,6
2018-01-26,1132,318.1,245.6,5.98
2018-01-29,1136,316.7,246,6.01
2018-01-30,1101,309.3,243.4,5.99
2018-01-31,1098,305.6,245,5.97
2018-02-01,1095,309,245.6,5.97
2018-02-02,1066,301.2,245.8,5.96
2018-02-05,1063.5,301.4,244.2,5.98
2018-02-06,1046,299.2,241,6.04
2018-02-07,1072,290,247.2,6.03
2018-02-08,1055,298.7,245.2,6.07
2018-02-09,1037,303,243.4,6.07
2018-02-12,1055,313.3,247.2,6.07
2018-02-13,1041.5,311.4,247,6.04
2018-02-14,1074.5,317.4,253.2,6.03
2018-02-15,1073,319.8,253.4,5.96
2018-02-16,1088,324,257.6,5.98
2018-02-19,1047,320,257,6
2018-02-20,1050,321.1,243,6.04
2018-02-21,1019,326.5,239,6.05
2018-02-22,1200,323.1,236.4,6.07
2018-02-23,1241,319.1,244,6.05
2018-02-26,1260.5,325.3,240.8,6.04
2018-02-27,1230,323.2,240,6.05
2018-02-28,1247,320.7,239.4,6.1
2018-03-01,1233,323.8,238,6.12
2018-03-02,1216,319.8,232.8,6.05
2018-03-05,1244,325.4,235.6,6.05
2018-03-06,1253,324.2,236.8,6
2018-03-07,1250,325,236.8,6
2018-03-08,1260.5,333.8,239,6
2018-03-09,1261.5,339.2,237,6.06
2018-03-12,1260,337.6,236.2,6.06
2018-03-13,1255,342.8,240.2,6.02
2018-03-14,1263,341.4,236,6.02
2018-03-15,1269.5,342.6,228.4,6.04
2018-03-16,1265,341.6,228,6.06
2018-03-19,1266,345.4,229,6.05
2018-03-20,1270,344.2,231.2,6.07
2018-03-21,1272,336.6,229.6,6.06
2018-03-22,1264,331.1,226.2,6.05
2018-03-23,1262,334,227.8,6.03
2018-03-26,1242,335.5,226.6,6
2018-03-27,1280,338.1,224,6.02
2018-03-28,1298,337.8,222.2,6.01
2018-04-03,1256,336.7,222.6,6.05
2018-04-04,1219,341,220,6.07
2018-04-05,1243.5,346.1,223.2,6.07
2018-04-06,1230,345.2,222.2,6.09
2018-04-09,1217,346.3,225.6,6.05
2018-04-10,1210,348.7,225.2,6.02
2018-04-11,1203.5,344.5,225.6,6.01
2018-04-12,1215,344.6,230,6.04
2018-04-13,1202,340.1,227.4,6.05
2018-04-16,1190,340.4,227,6.02
2018-04-17,1294,343.4,229.6,6.03
2018-04-18,1264,348.1,234.6,6.01
2018-04-19,1277.5,347.9,235.6,6.02
2018-04-20,1267,343.5,237,6.05
2018-04-23,1253.5,344,240.6,6.09
2018-04-24,1236.5,345.2,242.8,6.1
2018-04-25,1221.5,348.5,234,6.11
2018-04-26,1255.5,352.5,232.4,6.12
2018-04-30,1252,359,228.8,6.17
2018-05-01,1236,357,226.6,6.185
2018-05-02,1248.5,364.3,230.4,6.2
2018-05-03,1264.5,365,227,6.21
2018-05-04,1248,369.2,228.8,6.22
2018-05-07,1293.5,372.2,229.8,6.26
2018-05-08,1305,403.1,233.4,6.28
2018-05-09,1244,411.3,233.2,6.27
2018-05-14,1263.5,409.9,232.8,6.22
2018-05-15,1251,408.4,232,6.27
2018-05-16,1226,418.3,229,6.32
2018-05-17,1255,421.6,231,6.31
2018-05-18,1268,426.4,229.6,6.32
2018-05-22,1232.5,423.2,231.2,6.31
2018-05-23,1227,425.5,230.8,6.36
2018-05-24,1219,428.4,227.8,6.35
2018-05-25,1192.5,434.4,226.6,6.38
2018-05-28,953.2,433.3,225.8,6.4
2018-05-29,956.2,434.8,218.2,6.44
2018-05-30,987.8,445.4,219.2,6.4
2018-05-31,958,449.1,216,6.36
2018-06-01,977.8,447.2,222.4,6.38
2018-06-04,977.8,446.6,223.2,6.34
2018-06-06,981.6,448.2,222,6.33
2018-06-07,962,443.8,221.4,6.29
2018-06-08,952,450.9,219.2,6.34
2018-06-11,946.8,453.6,220.8,6.32
2018-06-12,968,450,221,6.32
2018-06-13,968,452.4,221.2,6.33
2018-06-14,987.8,459.4,222.8,6.35
2018-06-15,960.4,475.9,221.8,6.42
2018-06-18,951.2,470.3,219.4,6.42
2018-06-19,960.2,465.8,218.4,6.46
2018-06-20,1014,470.6,218.8,6.44
2018-06-21,988.2,470,216,6.46
2018-06-22,994.8,474.1,217.4,6.4
2018-06-25,1004,462.5,217.4,6.37
2018-06-26,967,450.7,216.8,6.38
2018-06-27,984.6,458.7,216.6,6.41
2018-06-28,966.4,436.9,217.6,6.43
2018-06-29,984.8,448.4,219.4,6.39
2018-07-02,979.6,434.3,218.8,6.4
2018-07-03,1002.5,441.2,221.4,6.39
2018-07-04,1016,438.3,223.6,6.4
2018-07-05,1029.5,436.6,221.4,6.36
2018-07-06,1026,443.9,221.6,6.36
2018-07-09,1030,440.4,224.8,6.32
2018-07-10,1063.5,442.9,227.2,6.36
2018-07-11,1055.5,438.9,227.2,6.35
2018-07-12,1082.5,448.6,229.2,6.4
2018-07-13,1085.5,442.2,227.2,6.4
2018-07-16,1090,444,227,6.36
2018-07-17,1115,448.3,225.4,6.37
2018-07-18,1127.5,448.6,221.6,6.42
2018-07-19,1125,448,224.2,6.43
2018-07-20,1136.5,467,225,6.39
2018-07-23,1123,459.4,226.6,6.36
2018-07-24,1128.5,460,230.8,6.36
2018-07-25,1130,462.9,231.4,6.37
2018-07-26,1144,459.1,232.4,6.36
2018-07-27,1129.5,465.8,235.2,6.41
2018-07-30,1136.5,460.5,236.8,6.38
2018-07-31,1092,461.3,236.4,6.35
2018-08-01,1104.5,467.2,234.6,6.37
2018-08-02,1101.5,472.3,230,6.41
2018-08-03,1094.5,470.5,230.8,6.43
2018-08-06,1069.5,455,221,6.46
2018-08-07,1080,443.7,225,6.42
2018-08-08,1060.5,380.3,222.2,6.43
2018-08-09,1045,375,223.6,6.43
2018-08-10,1058.5,364.1,221.4,6.51
2018-08-13,1085.5,373.1,222.4,6.54
2018-08-14,1066,372.5,220.2,6.54
2018-08-15,1044,376.8,216,6.59
2018-08-16,1052,382.3,219.8,6.56
2018-08-17,1052.5,380.1,218.4,6.55
2018-08-20,1045.5,377.3,219.2,6.53
2018-08-21,1039.5,385,221.6,6.48
2018-08-22,1053.5,382.7,219.6,6.42
2018-08-23,1069,378.5,219.4,6.44
2018-08-24,1066,375.5,218.6,6.44
2018-08-27,1085,372.7,218.6,6.41
2018-08-28,1085.5,374.8,194.1,6.37
2018-08-29,1097,378.5,191.8,6.4
2018-08-30,1111,377.7,189.5,6.38
2018-08-31,1111,376.8,188,6.4
2018-09-03,1083.5,383.3,186,6.42
2018-09-04,1087,373.1,185.1,6.45
2018-09-05,1061.5,366.4,184.5,6.44
2018-09-06,1055,368.4,184.8,6.41
2018-09-07,1063.5,374.6,185.6,6.42
2018-09-10,1043.5,379,185.6,6.45
2018-09-11,1060,380.3,184.4,6.44
2018-09-12,1085,387.1,185.1,6.44
2018-09-13,1079,398.2,185.7,6.42
2018-09-14,1090.5,402.3,184.5,6.38
2018-09-17,1062.5,389.8,186.1,6.39
2018-09-18,1044.5,381.9,185.1,6.38
2018-09-19,1017,383.1,187,6.39
2018-09-20,1048.5,384.1,188.7,6.34
2018-09-21,1050,381.2,190.7,6.34
2018-09-24,1040,387.4,188.8,6.34
2018-09-25,1063.5,384.5,190.8,6.33
2018-09-26,1072,388.9,194.5,6.35
2018-09-27,1022.5,388.9,188.8,6.37
2018-09-28,1010,396.7,189,6.44
2018-10-01,1025.5,396.8,190.4,6.42
2018-10-02,1020.5,394.1,187.6,6.46
2018-10-03,1009.5,406.3,186.4,6.46
2018-10-04,986.2,396.3,184.8,6.48
2018-10-05,986.8,394.7,187.7,6.48
2018-10-08,975,392.5,183.1,6.5
2018-10-09,960,383.9,176.9,6.52
2018-10-10,906.4,377.8,178.4,6.49
2018-10-11,894.4,375.3,175.6,6.45
2018-10-12,922.2,387,177,6.45
2018-10-15,907.8,387.7,177.8,6.44
2018-10-16,888.6,403.7,179.1,6.44
2018-10-17,893.6,404.5,179.3,6.47
2018-10-18,935.6,415.3,178.6,6.48
2018-10-19,922.4,408.7,178,6.5
2018-10-22,906,408.7,174.4,6.49
2018-10-23,865.6,394.4,175.6,6.5
2018-10-24,821.8,408.9,176.5,6.55
2018-10-25,792.4,300,177.2,6.54
2018-10-26,808.8,294.7,175.7,6.58
2018-10-29,854.8,300.3,179.7,6.56
2018-10-30,906.4,299.5,174.5,6.56
2018-10-31,902.4,307.6,152.3,6.59
2018-11-01,948,319.4,154.2,6.55
2018-11-02,972,303.5,159.5,6.53
2018-11-05,971.4,305.5,162.4,6.56
2018-11-06,973,301.3,163,6.53
2018-11-07,996,289.8,165.3,6.49
2018-11-08,1002.5,285.6,166.3,6.53
2018-11-09,992.4,285.2,163.8,6.57
2018-11-12,959.2,289.1,162.7,6.62
2018-11-13,935,287,161.9,6.63
2018-11-14,924,289.7,161.2,6.61
2018-11-15,904.4,281.2,159.5,6.6
2018-11-16,918.2,281.8,159.1,6.58
2018-11-19,928,276.9,160.6,6.53
2018-11-20,970,263.6,157.1,6.53
2018-11-21,930,261.5,159.5,6.54
2018-11-22,957,258.6,159.5,6.54
2018-11-23,987.2,257,160,6.57
2018-11-26,1004,263.6,163.5,6.57
2018-11-27,983.6,263,163.5,6.59
2018-11-28,992.2,260,161.7,6.61
2018-11-29,1005,265.5,162.6,6.55
2018-11-30,1003,270.7,162.6,6.57
2018-12-03,1009,266.9,158,6.59
2018-12-04,1013,268.6,158.6,6.54
2018-12-05,1013,264.6,161.9,6.57
2018-12-06,1005.5,262.1,158.4,6.58
2018-12-07,997.8,264.8,161.6,6.56
2018-12-10,1025,266.8,158.6,6.53
2018-12-11,1024,277,161.6,6.56
2018-12-12,1056.5,275.9,161,6.58
2018-12-13,1067.5,283.6,160.5,6.56
2018-12-14,1068.5,286.5,159.7,6.62
2018-12-17,1067,289.4,159.2,6.58
2018-12-18,1038.5,294.1,153,6.56
2018-12-19,1060,292,151.9,6.55
2018-12-20,1064,291,146.9,6.52
2018-12-21,1070.5,288.7,150,6.54
2018-12-27,1049,277.8,150.7,6.56
2018-12-28,1067.5,285.4,155.1,6.52
2019-01-02,1024.5,283.1,157.5,6.55
2019-01-03,1023,283.2,154.5,6.58
2019-01-04,1066,293.4,158.8,6.55
2019-01-07,1094.5,287.3,157.9,6.52
2019-01-08,1100.5,299.9,158.2,6.53
2019-01-09,1112,298.6,157.7,6.52
2019-01-10,1084.5,294.2,157.9,6.47
2019-01-11,1071.5,293.2,156.5,6.47
2019-01-14,1041.5,291.3,155,6.51
2019-01-15,1033.5,294.2,152.9,6.53
2019-01-16,1037,298.4,157.5,6.55
2019-01-17,1049,286,157.2,6.55
2019-01-18,1018.5,287,157,6.55
2019-01-21,1034.5,290.6,155.3,6.57
2019-01-22,999.2,294.1,156.8,6.58
2019-01-23,985,289.3,157.4,6.57
2019-01-24,966,287.1,157.3,6.58
2019-01-25,950.6,281.2,158.2,6.58
2019-01-28,974.2,278.2,154.2,6.54
2019-01-29,960,286.8,154,6.54
2019-01-30,954.8,286.1,153.6,6.53
2019-01-31,947.2,285.7,150.6,6.5
2019-02-01,958.8,282.4,151.9,6.51
2019-02-04,956.2,286.4,152.5,6.52
2019-02-05,973,291.4,152.3,6.54
2019-02-06,957.4,282.5,151.9,6.55
2019-02-07,954.8,286.3,150.1,6.58
2019-02-08,961.4,288,149,6.58
2019-02-11,967.4,289.7,148.6,6.6
2019-02-12,976.2,287.7,151.2,6.61
2019-02-13,997.6,287.4,152.5,6.6
2019-02-14,1006,283,151.2,6.62
2019-02-15,1014,282.8,152.2,6.63
2019-02-18,1011,286.8,154.1,6.59
2019-02-19,990,290.4,151.6,6.61
2019-02-20,1008,292.9,151.9,6.58
2019-02-21,1077.5,291.1,150.3,6.57
2019-02-22,1069,298.4,150.4,6.59
2019-02-25,1101,298.7,151.9,6.57
2019-02-26,1140,305.2,149.4,6.57
2019-02-27,1126,302.2,158.9,6.55
2019-02-28,1133.5,300,156.2,6.54
2019-03-01,1161,299.7,152.8,6.55
2019-03-04,1180,297.1,152.7,6.58
2019-03-05,1178,305.2,151,6.59
2019-03-06,1166.5,300.2,149.2,6.6
2019-03-07,1154,302.3,146.8,6.62
2019-03-08,1142,301.6,145.4,6.65
2019-03-11,1141.5,293.3,144.4,6.64
2019-03-12,1135.5,294.3,147.1,6.62
2019-03-13,1135.5,296.1,147.2,6.6
2019-03-14,1140.5,296.9,148,6.61
2019-03-15,1122.5,295.8,150,6.6
2019-03-18,1116,292.7,152.3,6.58
2019-03-19,1117.5,300.3,153.8,6.57
2019-03-20,1158.5,297.5,152.1,6.57
2019-03-21,1153.5,302.3,150.8,6.55
2019-03-22,1153,298.9,140.5,6.6
2019-03-25,1148,293.4,138.5,6.59
2019-03-26,1172,294.5,134,6.61
2019-03-27,1154,284.3,136.6,6.63
2019-03-28,1165.5,285.3,137,6.66
2019-03-29,1155,288,138,6.64
2019-04-01,1183.5,300.3,141.7,6.64
2019-04-02,1183,306.9,142.1,6.66
2019-04-03,1175.5,306.1,141.9,6.64
2019-04-04,1172.5,298.9,143.6,6.65
2019-04-05,1190,299.3,141.8,6.65
2019-04-08,1176.5,294.5,142.8,6.64
2019-04-09,1161,294.3,141,6.62
2019-04-10,1179.5,290.9,140.8,6.62
2019-04-11,1162.5,290,143,6.63
2019-04-12,1159,286.5,144.5,6.59
2019-04-15,1149,285.7,145,6.6
2019-04-16,1127,281.3,145.1,6.6
2019-04-17,1122,277.2,146.2,6.61
2019-04-23,1123.5,276.3,144.4,6.64
2019-04-24,1119,278.4,142.8,6.66
2019-04-25,1105,278.4,139.7,6.71
2019-04-26,1131,282.2,143.8,6.71
2019-04-29,1131,281.4,145,6.7
2019-04-30,1105,280,143.7,6.65
2019-05-01,1101,281.5,141.3,6.655
2019-05-02,1095,285.3,127.9,6.66
2019-05-03,1110.5,286.9,128.1,6.69
2019-05-06,1104,291.5,126.1,6.67
2019-05-07,1098.5,290.3,126.9,6.67
2019-05-08,1118,277,125.8,6.66
2019-05-09,1088,274,125.2,6.67
2019-05-10,1090,271,126.6,6.65
2019-05-13,1085.5,266.1,124.7,6.64
2019-05-14,1115,267.6,125,6.65
2019-05-15,1107.5,266.3,124.2,6.68
2019-05-16,1150.5,267.9,123.8,6.67
2019-05-20,1154,269,124.8,6.69
2019-05-21,1198.5,274,124,6.69
2019-05-22,1203,275.4,123.9,6.69
2019-05-23,1199.5,269.5,124.4,6.7
2019-05-24,1223.5,271,124.5,6.68
2019-05-27,1197,270.7,124.1,6.67
2019-05-28,1216.5,277.4,125.6,6.67
2019-05-29,1147.5,268.4,125.7,6.69
2019-06-03,1168,260.8,125.6,6.68
2019-06-04,1135,263.2,125,6.64
2019-06-06,1147.5,256.5,125.9,6.63
2019-06-07,1176,256.6,127.3,6.62
2019-06-11,1207,259.2,129,6.6
2019-06-12,1206.5,260.9,130,6.6
2019-06-13,1195,257.9,131,6.62
2019-06-14,1179,253.9,130.3,6.63
2019-06-17,1188.5,256.5,131.5,6.65
2019-06-18,1211.5,260.6,129.7,6.67
2019-06-19,1222.5,261.8,132.4,6.66
2019-06-20,1210.5,259.2,128.3,6.6
2019-06-21,1201,256.8,127.2,6.6
2019-06-24,1201,252.6,125.5,6.55
2019-06-25,1188.5,252.1,122.3,6.56
2019-06-26,1168,249.5,123.1,6.57
2019-06-27,1148.5,255,124.8,6.56
2019-06-28,1207,259.3,125.1,6.56
2019-07-01,1209,266.6,127.3,6.58
2019-07-02,1200,266.8,126.3,6.6
2019-07-03,1227,269.1,127.6,6.61
2019-07-04,1216,269.8,128.9,6.61
2019-07-05,1200.5,269.7,129.5,6.63
2019-07-08,1183,258.8,128,6.65
2019-07-09,1191.5,259,124.5,6.66
2019-07-10,1194.5,255.6,126.3,6.65
2019-07-11,1198.5,255.5,123.3,6.62
2019-07-12,1171,253.6,124.6,6.64
2019-07-15,1188.5,257.7,122.4,6.63
2019-07-16,1219.5,260,123.1,6.65
2019-07-17,1216,259.7,120.7,6.66
2019-07-18,1227,259.4,119.5,6.66
2019-07-19,1219.5,251.8,118.4,6.65
2019-07-22,1221,256.2,118.9,6.66
2019-07-23,1217,260.6,120,6.68
2019-07-24,1238.5,260.9,121.3,6.7
2019-07-25,1238,258.9,121.9,6.72
2019-07-26,1249.5,260.6,121.3,6.7
2019-07-29,1265,261.5,121.3,6.72
2019-07-30,1245,257.1,118.9,6.69
2019-07-31,1252,261.4,117.4,6.7
2019-08-01,1256.5,263.8,117.8,6.76
2019-08-02,1235,263,116,6.72
2019-08-05,1217,257,114.7,6.68
2019-08-06,1227.5,259.6,116.9,6.67
2019-08-07,1227.5,267,115.5,6.66
2019-08-08,1269,273.6,115.4,6.67
2019-08-09,1270,265.5,114.8,6.66
2019-08-12,1275.5,260.8,112.3,6.67
2019-08-13,1319,261,111.8,6.65
2019-08-14,1306,257.7,107.9,6.67
2019-08-15,1345.5,268.5,107,6.69
2019-08-16,1351,269.4,110.8,6.73
2019-08-19,1373,266,111.5,6.72
2019-08-20,1366.5,258.5,109.5,6.73
2019-08-21,1376,245.1,108.4,6.72
2019-08-22,1378.5,239.8,111,6.73
2019-08-23,1376,242.5,111,6.74
2019-08-26,1364.5,236.2,109.1,6.71
2019-08-27,1372.5,245,108,6.72
2019-08-28,1363,245.5,93.65,6.73
2019-08-29,1359.5,245.3,94,6.74
2019-08-30,1384.5,247,94.85,6.76
2019-09-02,1394.5,247.2,93.8,6.8
2019-09-03,1435,247.4,94.25,6.82
2019-09-04,1440,245.5,93.65,6.77
2019-09-05,1430,246.5,97.1,6.75
2019-09-06,1409.5,243.6,97.55,6.77
2019-09-09,1391.5,232.6,101.7,6.76
2019-09-10,1328,233.5,103.6,6.76
2019-09-11,1349.5,246.3,103,6.78
2019-09-12,1375,242,102.8,6.81
2019-09-13,1365.5,236.5,103.6,6.73
2019-09-16,1377.5,235.1,103.7,6.77
2019-09-17,1363.5,229.5,102,6.77
2019-09-18,1390,229.2,102.4,6.76
2019-09-19,1382.5,235.5,104.7,6.75
2019-09-20,1402,244,116.4,6.77
2019-09-23,1405,240.3,118.7,6.8
2019-09-24,1415.5,238.1,120.9,6.79
2019-09-25,1405.5,232.2,126.3,6.8
2019-09-26,1417.5,228.8,126.8,6.82
2019-09-27,1400,227,122.7,6.83
2019-09-30,1390.5,227.2,120.8,6.86
2019-10-01,1384.5,223.9,119.8,6.85
2019-10-02,1307,217.2,116.9,6.83
2019-10-03,1323.5,218.5,116.1,6.82
2019-10-04,1331,220.4,116,6.8
2019-10-07,1343,223.7,118.6,6.79
2019-10-08,1336.5,223.3,120.1,6.8
2019-10-09,1348.5,223.4,119.7,6.8
2019-10-10,1322.5,224.4,117.6,6.77
2019-10-11,1334.5,223,119.5,6.76
2019-10-14,1346,224.6,122.6,6.77
2019-10-15,1390.5,225.8,126.9,6.79
2019-10-16,1391.5,224,128.6,6.78
2019-10-17,1410,227,128.1,6.72
2019-10-18,1409.5,221.8,129,6.7
2019-10-21,1386,224,131.8,6.69
2019-10-22,1430,225.7,132.5,6.71
2019-10-23,1406.5,222.6,135,6.72
2019-10-24,1420,222.2,134.4,6.71
2019-10-25,1424,225.7,135.8,6.73
2019-10-28,1435,227.2,133.9,6.74
2019-10-29,1439,235,135.4,6.73
2019-10-30,1455,230.6,133.2,6.73
2019-10-31,1460,228.5,131.4,6.7
2019-11-01,1481.5,232,134,6.71
2019-11-04,1481,234.5,131.5,6.7
2019-11-05,1457,236.9,133.9,6.73
2019-11-06,1461.5,236,135.3,6.74
2019-11-07,1500,244.6,136.1,6.75
2019-11-08,1498,242.5,135.7,6.77
2019-11-11,1504,247,136.5,6.77
2019-11-12,1491.5,244,136.8,6.78
2019-11-13,1508,240.7,132.8,6.79
2019-11-14,1490.5,237,130.3,6.79
2019-11-15,1506.5,236,129.2,6.77
2019-11-18,1530,237.7,129.8,6.76
2019-11-19,1508.5,241.2,129.7,6.75
2019-11-20,1512.5,245.2,127.6,6.76
2019-11-21,1516,249.8,127.2,6.74
2019-11-22,1528.5,253.6,128.9,6.76
2019-11-25,1565.5,258.5,129.5,6.79
2019-11-26,1595.5,260.3,127.2,6.78
2019-11-27,1590,263.1,129,6.79
2019-11-28,1581,262,128.2,6.79
2019-11-29,1580,259.8,127.7,6.8
2019-12-02,1579,258.6,125.8,6.78
2019-12-03,1594,255.3,123.4,6.75
2019-12-04,1620,256.9,127.5,6.74
2019-12-05,1615,257.2,129.8,6.73
2019-12-06,1615,259.5,130.6,6.74
2019-12-09,1582,256.1,132.4,6.75
2019-12-10,1577.5,255,132.6,6.75
2019-12-11,1545,249.9,133.2,6.75
2019-12-12,1474.5,255.3,133.3,6.71
2019-12-13,1469,261.5,131.5,6.69
2019-12-16,1503,264.4,131.6,6.7
2019-12-17,1490.5,258.9,137,6.7
2019-12-18,1459.5,259.9,138.3,6.72
2019-12-19,1466.5,257.6,136.8,6.72
2019-12-20,1460.5,259.3,137.9,6.73
2019-12-23,1464.5,259.3,139.1,6.75
2019-12-27,1488,261.1,139.3,6.7
