"Date","MaerskB","FLSmidth","NovoNordisk","OilPrice"
2010-01-04,6612.85,389,67.6,421.55
2010-01-05,6664.75,384.5,66.78,421.34
2010-01-06,6730.26,374.9,67.5,431.3
2010-01-07,6972.61,376,67.12,430.01
2010-01-08,7131.28,375.9,68,431.4
2010-01-11,7270.77,375,70,422.66
2010-01-12,7265.54,368,69.2,415.11
2010-01-13,7209.74,370,69.28,406.95
2010-01-14,7366.67,379,70.2,407.76
2010-01-15,7514.87,375,68.7,403.84
2010-01-18,7537.54,372,68.2,407.84
2010-01-19,7575.9,375,69.8,411.84
2010-01-20,7445.13,370.5,70.8,408.76
2010-01-21,7380.61,360,68.52,402.62
2010-01-22,7361.43,350,68.28,392.64
2010-01-25,7385.85,349,69.5,395.95
2010-01-26,7288.2,342,72.6,394.9
2010-01-27,7103.38,337,73.9,389.76
2010-01-28,7253.33,343,73.84,391.62
2010-01-29,7370.15,346.6,73.3,388.53
2010-02-01,7485.23,344.8,74.94,398.3
2010-02-02,7591.59,351,73,412.58
2010-02-03,7610.77,351.5,76.2,409.83
2010-02-04,7418.97,337.5,75,393.22
2010-02-05,7221.95,333.9,75.54,387.12
2010-02-08,7166.15,320.8,75.22,391.35
2010-02-09,7253.33,326,75.06,399.02
2010-02-10,7296.92,317.8,75,403.78
2010-02-11,7342.26,318.1,75.94,408.57
2010-02-12,7403.28,310.9,77.38,406.62
2010-02-15,7333.54,319.2,78.28,413.28
2010-02-16,7359.69,337.7,78.54,419.94
2010-02-17,7513.13,343.4,78.6,419.35
2010-02-18,7492.2,346,78.98,433.75
2010-02-19,7462.56,345.8,79.12,439.39
2010-02-22,7565.43,346.5,79.04,437.9
2010-02-23,7481.74,339.5,77.8,432.34
2010-02-24,7514.87,338.5,78.2,439.52
2010-02-25,7267.28,342.7,77.4,431.31
2010-02-26,7289.95,348,77.2,436.91
2010-03-01,7525.33,360,79,433.08
2010-03-02,7532.31,365.8,79.14,437.71
2010-03-03,7635.18,364.9,79.26,441.19
2010-03-04,7338.77,356.9,79.58,436.75
2010-03-05,7554.97,364.1,80.82,446.57
2010-03-08,7457.33,363.3,81.64,445.96
2010-03-09,7373.64,365,81.64,447.31
2010-03-10,7595.08,375,82.6,448.82
2010-03-11,7500.92,380,81.88,447.37
2010-03-12,7462.56,378.8,81.68,439.18
2010-03-15,7434.67,376.5,81.94,433.29
2010-03-16,7450.36,385,83.8,442.99
2010-03-17,7410.26,389,84.78,448.57
2010-03-18,7392.82,385.9,84.3,447.75
2010-03-19,7323.08,378.4,85.46,443.11
2010-03-22,7361.43,380,85,448.77
2010-03-23,7466.05,388,86.2,450.81
2010-03-24,7445.13,386.7,88.98,449.67
2010-03-25,7424.2,388.6,88.4,448.7
2010-03-26,7288.2,386,87,445.85
2010-03-29,7279.49,384,86.1,453.94
2010-03-30,7323.08,382.2,86.12,454.8
2010-03-31,7323.08,382.4,85.54,462.62
2010-04-06,7453.85,392.6,88.56,482.57
2010-04-07,7466.05,393.5,88.9,479.19
2010-04-08,7406.77,392,87.5,478.06
2010-04-09,7507.9,407.2,86.48,472.25
2010-04-12,7565.43,417,86.48,462.08
2010-04-13,7413.74,429.3,88.3,460.59
2010-04-14,7851.38,434,88.1,469.27
2010-04-15,8158.26,434.3,88.8,469.9
2010-04-16,8003.08,430,89.1,457.7
2010-04-19,7985.64,417.7,89.1,451.31
2010-04-20,8051.9,421.6,90.6,460.52
2010-04-22,7999.59,416.5,88.94,466.97
2010-04-23,8369.23,424.4,89,475.91
2010-04-26,8377.95,432.6,90.58,470.4
2010-04-27,8329.13,428.6,90.3,461.65
2010-04-28,8119.9,416.6,88.74,467.61
2010-04-29,8255.9,425.7,92,478.15
2010-05-03,8170.46,427.9,94.5,484.57
2010-05-04,7968.2,402,95.14,470.48
2010-05-05,7694.46,385,94.8,460.53
2010-05-06,7671.79,376.1,92.72,450.95
2010-05-07,7359.69,366.1,90,438.63
2010-05-10,7908.92,396,92.2,440.69
2010-05-11,7790.36,387.5,93.74,447.62
2010-05-12,8487.79,402,94.38,443.78
2010-05-14,8487.79,395,94.69,433.015
2010-05-17,8269.84,396.4,95,422.25
2010-05-18,8397.13,404.2,94.9,415.54
2010-05-19,8017.02,386.9,93.02,423.7
2010-05-20,7617.74,371.3,90.88,410.37
2010-05-21,7577.64,371.4,88.1,417.12
2010-05-25,7248.1,352.9,89.96,418.5
2010-05-26,7654.36,368.3,91.86,432.25
2010-05-27,8020.51,380,93.14,452.57
2010-05-28,7915.9,379.1,93.5,444.46
2010-05-31,8060.61,380,93.5,444.34
2010-06-01,8072.82,376.5,93.32,444.22
2010-06-02,8003.08,378,95.96,443.69
2010-06-03,8222.77,388.3,98.08,452.55
2010-06-04,8081.54,380,97.98,441.15
2010-06-07,7976.92,373.1,96.48,444.31
2010-06-08,7928.1,382.2,96.44,448.4
2010-06-09,8107.69,400,96.34,460.69
2010-06-10,8343.08,407,97.4,466.16
2010-06-11,8529.64,413.5,96.74,452.59
2010-06-14,8745.84,427.8,98.58,456.12
2010-06-15,8855.69,430.1,98.14,466.84
2010-06-16,8698.77,427.4,98.04,470.57
2010-06-17,8812.1,426.2,97.74,462.04
2010-06-18,8881.84,425,102,464.11
2010-06-21,9153.84,431.9,103.1,467.27
2010-06-22,9003.9,429.8,101.6,468.75
2010-06-23,8883.59,420.1,101.2,463.15
2010-06-24,8669.13,409.9,100.7,464.39
2010-06-25,8778.97,405.5,100,477.46
2010-06-28,8761.54,410,100.6,472.09
2010-06-29,8369.23,398.6,99,463.72
2010-06-30,8449.43,396.5,98.82,459.09
2010-07-01,8121.64,378.8,96.96,440.77
2010-07-02,8473.84,384.6,96.7,428.3
2010-07-05,8538.36,386.3,97.2,427.4
2010-07-06,8805.13,403,98.22,426.5
2010-07-07,8909.74,400,98.48,439.29
2010-07-08,9241.02,402,97.7,444.2
2010-07-09,9073.64,404.6,98.3,448.9
2010-07-12,9061.43,402.4,99.76,444.45
2010-07-13,8892.31,408,99.66,457.63
2010-07-14,9082.36,411.2,100.5,451.83
2010-07-15,8833.02,403.8,102.5,444.99
2010-07-16,8578.46,395,101.1,435.67
2010-07-19,8543.59,387.5,100.4,440.26
2010-07-20,8358.77,384.8,99.14,449.3
2010-07-21,8568,391.7,99.4,445.13
2010-07-22,8683.08,401.9,99.4,459.87
2010-07-23,8791.18,402.9,98.96,456.35
2010-07-26,8833.02,397.8,98.56,455.19
2010-07-27,8665.64,403,97.8,443.19
2010-07-28,8487.79,403.5,98.24,441.6
2010-07-29,8646.46,412.3,97.48,446.7
2010-07-30,8407.59,407.3,97.82,451.53
2010-08-02,8648.2,423,99.22,463.58
2010-08-03,8644.72,420.2,101.9,465.18
2010-08-04,8590.67,419,100.2,465.33
2010-08-05,8674.36,423.4,101.5,463.5
2010-08-06,8698.77,418.9,99.78,456.39
2010-08-09,8808.61,428,100.7,458.08
2010-08-10,8688.31,418.4,101.3,455.24
2010-08-11,8491.28,404.7,99.36,446.59
2010-08-12,8357.02,398.8,100.2,441.22
2010-08-13,8358.77,396.5,100.4,438.85
2010-08-16,8283.79,397.8,100.1,437.23
2010-08-17,8543.59,407,99.76,438.9
2010-08-18,8311.69,397,101.2,436.22
2010-08-19,8102.46,376.5,99.9,432.03
2010-08-20,7943.79,360,99.1,430.59
2010-08-23,7926.36,358.5,99,428.64
2010-08-24,7624.72,338.1,98.32,423.08
2010-08-25,7427.69,332.5,96.36,428.2
2010-08-26,7758.97,350.1,97.36,430.4
2010-08-27,7715.38,345.2,98.2,440.39
2010-08-30,7689.23,347.4,99.64,438.01
2010-08-31,7715.38,347,100.8,422.26
2010-09-01,8109.43,362,102.8,429.87
2010-09-02,7910.67,360.8,102.6,435.72
2010-09-03,7936.82,371.5,102.2,432.75
2010-09-06,8055.38,371.2,101.3,432.79
2010-09-07,7846.15,368.5,103.5,432.83
2010-09-08,7813.02,371.5,103.1,437.87
2010-09-09,7994.36,375.2,106.6,434.82
2010-09-10,7994.36,374.8,107.8,447.29
2010-09-13,8032.72,382.6,107.7,449.03
2010-09-14,8017.02,382.2,107,445.03
2010-09-15,7945.54,378.6,106.9,435.85
2010-09-16,7849.64,371.3,106.5,424.59
2010-09-17,7835.69,371.4,106.7,420.01
2010-09-20,8022.26,376.9,107.3,426.43
2010-09-21,8334.36,381.1,106,417.41
2010-09-22,8302.97,387.5,106,416.48
2010-09-23,8177.43,387.6,106.7,420.37
2010-09-24,8301.23,396,106.6,424.91
2010-09-27,8282.05,394.5,106.6,423.02
2010-09-28,8156.51,396,107.6,421.73
2010-09-29,8144.31,395,108.4,426.27
2010-09-30,7968.2,399.4,108.5,436.64
2010-10-01,7846.15,388.9,107.3,442.92
2010-10-04,7692.72,375.9,105.8,443.12
2010-10-05,7799.08,381.3,105.2,448.05
2010-10-06,8069.33,384,106.6,447.79
2010-10-07,8055.38,378.7,107.6,435.89
2010-10-08,7846.15,377.6,107.4,444.23
2010-10-11,8043.18,388.4,108.2,439.94
2010-10-12,8037.95,386.4,108.9,440.26
2010-10-13,8308.2,392.7,109.1,443.45
2010-10-14,8060.61,394,107.8,437.29
2010-10-15,8123.38,396,107.7,430.01
2010-10-18,8020.51,395.4,102.2,445.87
2010-10-19,7961.23,398.6,98.6,427.73
2010-10-20,8228,401.4,107.6,439.97
2010-10-21,8301.23,414.8,107.8,428.68
2010-10-22,8282.05,415.8,107.4,437.22
2010-10-25,8334.36,418.2,108.7,438.62
2010-10-26,8166.97,417,107.8,442.52
2010-10-27,8229.74,407.9,109,442.76
2010-10-28,8177.43,400,112.1,442.33
2010-10-29,8107.69,396,112.8,438.16
2010-11-01,8311.69,405.6,112,444.17
2010-11-02,8543.59,399,111.3,446.28
2010-11-03,8543.59,398.4,110.5,450.54
2010-11-04,8700.51,416,110,452.65
2010-11-05,8775.49,414,110,459.63
2010-11-08,8595.9,416.1,111.3,466.27
2010-11-09,8594.15,430.4,112.4,463.57
2010-11-10,8595.9,435,113.6,475.3
2010-11-11,8663.9,431,113.4,477.75
2010-11-12,8709.23,427,113.3,461.47
2010-11-15,8698.77,441,114.1,464.23
2010-11-16,8411.08,423.5,114,450.94
2010-11-17,8412.82,416,114.3,444.83
2010-11-18,8522.67,464.5,113,447.12
2010-11-19,8400.61,470.6,114.4,444.41
2010-11-22,8343.08,491.6,114.5,446.59
2010-11-23,8168.72,487,115,448.83
2010-11-24,8247.18,486,116.4,468.67
2010-11-25,8160,481.5,115.1,474.486666666667
2010-11-26,8046.67,485.9,115.1,480.303333333333
2010-11-29,8018.77,481.6,113.5,486.12
2010-11-30,8105.95,472,113.6,482.28
2010-12-01,8348.31,491.5,115,492.97
2010-12-02,8459.9,511.5,115.9,498.5
2010-12-03,8419.79,516.5,114.8,501.83
2010-12-06,8527.9,520,115.9,501.58
2010-12-07,8648.2,533.5,116.4,494.63
2010-12-08,8752.82,521,118.1,498.54
2010-12-09,8616.82,519,116.5,498.59
2010-12-10,8709.23,525,121.5,494.15
2010-12-13,8662.15,543,122,497.88
2010-12-14,8648.2,548,121.4,489.77
2010-12-15,8801.64,536,122,494.28
2010-12-16,8874.87,532,122.1,493.58
2010-12-17,8892.31,542,124.1,494.52
2010-12-20,8857.43,543.5,123.5,503.25
2010-12-21,8951.59,536.5,123,508.72
2010-12-22,8908,527,122.7,514.23
2010-12-23,8970.77,528.5,126.6,522.06
2010-12-27,8908,527,126,516.32
2010-12-28,8913.23,528.5,127.7,516.86
2010-12-29,8965.54,528,126.8,516.98
2010-12-30,8806.87,532,125.8,504.3
2011-01-03,9139.9,543,123.3,511.19
2011-01-04,9218.36,543,127.7,496.37
2011-01-05,8996.92,529,130.6,509.33
2011-01-06,9040.51,525,131.4,503.08
2011-01-07,8892.31,504,130.8,506.01
2011-01-10,8892.31,508,130.6,515.28
2011-01-11,8977.74,512.5,132,524.23
2011-01-12,9120.72,511.5,129.7,527.5
2011-01-13,9118.97,493.5,126,515.9
2011-01-14,9193.95,501,124,510.87
2011-01-17,9176.51,493.8,125.1,510.04
2011-01-18,9284.61,496,129.7,509.21
2011-01-19,9328.2,487.4,126.3,501.27
2011-01-20,9258.46,479.4,124.1,491.51
2011-01-21,9066.67,481,121.9,491.21
2011-01-24,9153.84,483.2,122.7,482.57
2011-01-25,9241.02,473.9,124.4,472.53
2011-01-26,9275.9,485.4,125.4,475.7
2011-01-27,9415.38,497.4,125.2,465.4
2011-01-28,9415.38,485.3,124.9,485.73
2011-01-31,9232.31,467.8,122.7,501.91
2011-02-01,9415.38,481.8,124.4,491.95
2011-02-02,9328.2,460.3,121.8,490.73
2011-02-03,9293.33,465,121.4,491.12
2011-02-04,9267.18,474,122.2,486.88
2011-02-07,9424.1,475.9,122.4,481.17
2011-02-08,9380.51,485.9,123.4,475.33
2011-02-09,9406.67,494,127.2,473.74
2011-02-10,9232.31,490.4,128.4,475.34
2011-02-11,9267.18,489.8,130.6,471.85
2011-02-14,9389.23,498.2,134.7,470.54
2011-02-15,9415.38,484.6,134.2,465.4
2011-02-16,9380.51,476,134.4,469.07
2011-02-17,9363.08,481.8,133.8,474.82
2011-02-18,9214.87,476,136.6,471.56
2011-02-21,9066.67,470.5,135.4,490.99
2011-02-22,9031.79,462.6,134.5,510.42
2011-02-23,8996.92,463.2,133.6,532.62
2011-02-24,9214.87,455.9,131.1,526.53
2011-02-25,9180,477,134.8,530.25
2011-02-28,9354.36,475,136.1,522.66
2011-03-01,9188.72,469,135.1,537.31
2011-03-02,9031.79,465.8,134,551.97
2011-03-03,9023.08,472,135.7,548.65
2011-03-04,8787.69,472.5,135.9,557.9
2011-03-07,8707.49,471.3,136,560.51
2011-03-08,8866.15,470,136.4,563.54
2011-03-09,8962.05,469.6,136.8,558.92
2011-03-10,8927.18,460,135.5,554.35
2011-03-11,8709.23,452.6,134.4,547.79
2011-03-14,8670.87,443.6,132.5,541.09
2011-03-15,8534.87,434,129.1,522.07
2011-03-16,8587.18,432.9,128,523.83
2011-03-17,8658.67,432.9,127.8,540.16
2011-03-18,8805.13,454.3,131,533.38
2011-03-21,8857.43,473.2,129.7,537.61
2011-03-22,8813.84,464.2,129.4,545.74
2011-03-23,8874.87,453.3,130.2,557.87
2011-03-24,8778.97,440.5,129,557.39
2011-03-25,8770.25,451.5,127.5,556.9
2011-03-28,8744.1,442.9,126.8,552.61
2011-03-29,8672.61,452.1,128.4,555.57
2011-03-30,8704,453.1,131.7,551.86
2011-03-31,8629.02,448.2,132.2,560.13
2011-04-01,8592.41,449,132.2,569.16
2011-04-04,8641.23,452,132.3,567.99
2011-04-05,8599.38,450.4,134.2,570.32
2011-04-06,8564.51,450.6,135.5,567.5
2011-04-07,8726.67,443.7,133,575.88
2011-04-08,8752.82,446.9,132.8,584.06
2011-04-11,8627.28,448,132.4,567.91
2011-04-12,8487.79,440,131.1,547.66
2011-04-13,8550.56,437.1,131.9,551.21
2011-04-14,8543.59,432,130.3,559.92
2011-04-15,8606.36,428.6,130.4,565.99
2011-04-18,8355.28,419.1,130.7,559.67
2011-04-19,8341.33,426,130.1,563.94
2011-04-20,8564.51,444.5,133.7,572.62
2011-04-26,8585.43,450,130.4,572.42
2011-04-27,8613.33,448.7,127,573.16
2011-04-28,8690.05,455.7,126.9,568.9
2011-04-29,8892.31,454,127.3,571.77
2011-05-02,8813.84,450.5,130.4,570.57
2011-05-03,8710.97,444.3,128.4,560.27
2011-05-04,8620.31,437,128,547.36
2011-05-05,8571.49,437,127.2,502.38
2011-05-06,8613.33,447.2,128.7,499.74
2011-05-09,8592.41,447,128.9,531.17
2011-05-10,8599.38,452.9,128.3,539.46
2011-05-11,8979.49,443.4,127.1,510.02
2011-05-12,9031.79,444.7,128.2,521.4
2011-05-13,9057.95,443,130.9,520.28
2011-05-16,9057.95,442,129.9,513.34
2011-05-17,8996.92,433,129,509.93
2011-05-18,8909.74,428.3,128.9,524.69
2011-05-19,8918.46,433.2,130.8,514.64
2011-05-23,8726.67,418.3,129.4,519.59
2011-05-24,8726.67,422.3,130.3,527.08
2011-05-25,8683.08,420.5,130.4,537.02
2011-05-26,8606.36,414.1,129.4,527.52
2011-05-27,8697.02,423.9,129.5,525.77
2011-05-30,8606.36,426.4,129.7,529.04
2011-05-31,8697.02,429.3,129.9,532.31
2011-06-01,8592.41,428.4,130.1,518.92
2011-06-06,8299.49,419.4,129.5,505.74
2011-06-07,8083.28,431.5,129.4,504.3
2011-06-08,7901.95,415.2,126.8,514.26
2011-06-09,8013.54,432,127.4,520.18
2011-06-10,7950.77,422,128.6,511.17
2011-06-14,7915.9,429.5,128.8,513.02
2011-06-15,7685.74,420,127.5,494.82
2011-06-16,7664.82,411.9,124.4,502.7
2011-06-17,7616,410.6,124.3,486.18
2011-06-20,7441.64,399.7,123.2,488.7
2011-06-21,7699.69,409.5,124.5,484.69
2011-06-22,7518.36,407.9,123,494.27
2011-06-23,7274.26,398,121.4,477.65
2011-06-24,7337.02,402.7,123.7,478.15
2011-06-27,7406.77,397.7,124.6,475.73
2011-06-28,7392.82,401.8,125,485.84
2011-06-29,7546.26,423.2,127.9,490.06
2011-06-30,7734.56,436.8,129.1,492.43
2011-07-01,7762.46,444,129.8,488.78
2011-07-04,7811.28,448.7,131,494.275
2011-07-05,7657.85,443.3,131.5,499.77
2011-07-06,7636.92,443.1,131.4,503.5
2011-07-07,7657.85,448.4,132.1,516.59
2011-07-08,7609.02,442.5,132.2,503.81
2011-07-11,7385.85,428.8,131.7,504.88
2011-07-12,7295.18,425,129.4,519.94
2011-07-13,7427.69,434.7,130.7,519.56
2011-07-14,7323.08,427,130.6,502.44
2011-07-15,7218.46,420,132.1,512.58
2011-07-18,7092.92,407,134,509.3
2011-07-19,7190.56,415.2,133,513.42
2011-07-20,7232.41,421.3,131.5,515
2011-07-21,7344,424.7,129.9,519.57
2011-07-22,7462.56,429.5,131,517.26
2011-07-25,7323.08,427,131,514.17
2011-07-26,7253.33,425,128.5,512.93
2011-07-27,7218.46,414.6,128.8,502.48
2011-07-28,7058.05,409,128.8,509.05
2011-07-29,6942.97,403,127,499.94
2011-08-01,6915.08,396.4,126.2,490.42
2011-08-02,6782.56,375.5,125.3,493.04
2011-08-03,6695.38,374,121.6,478.86
2011-08-04,6433.85,352.3,119.8,453.49
2011-08-05,6538.46,348.6,111,457.2
2011-08-08,6133.95,318.5,110.4,425.8
2011-08-09,6168.82,319,114.2,414.07
2011-08-10,5757.33,303.2,111.4,429.88
2011-08-11,5841.02,310.3,110.2,451.57
2011-08-12,5903.79,322,114.1,446.32
2011-08-15,6081.64,328,116.3,457.5
2011-08-16,6050.26,317,115.5,449.51
2011-08-17,6311.79,322.7,115.3,450.69
2011-08-18,5910.77,277.6,110.6,427.16
2011-08-19,5715.49,268.5,111.1,425.95
2011-08-22,5736.41,276.1,109,434.72
2011-08-23,5806.15,279.6,105.9,440.13
2011-08-24,5854.97,283.5,105.1,439.57
2011-08-25,5645.74,281.8,101.9,440.55
2011-08-26,5673.64,283.1,103.2,441.66
2011-08-29,5903.79,297,106.1,448.84
2011-08-30,5949.13,300.2,107.1,459.94
2011-08-31,6325.74,317.7,110.7,457.95
2011-09-01,6262.97,323.2,112.6,463.8
2011-09-02,5987.49,303.9,110.1,451.79
2011-09-05,5764.31,286.7,108,453.14
2011-09-06,5795.69,282.3,109.7,454.49
2011-09-07,6046.77,293,112.7,474.05
2011-09-08,6001.44,294,114.7,472.25
2011-09-09,5844.51,284,111.4,470.22
2011-09-12,5715.49,271,108.4,480.94
2011-09-13,5652.72,272.5,108,492.38
2011-09-14,5746.87,283.2,108.6,482.34
2011-09-15,6018.87,293.4,109.8,482.65
2011-09-16,5977.02,296.5,109,476.1
2011-09-19,5778.26,291.6,108,467.88
2011-09-20,5924.72,297.6,111.2,471.98
2011-09-21,6036.31,295.8,110.5,469.24
2011-09-22,5799.18,278.5,107.4,445.76
2011-09-23,5739.9,273.5,107.5,442.48
2011-09-26,5680.61,273.2,108.6,442.37
2011-09-27,5830.56,292.1,113.1,462.79
2011-09-28,5806.15,288.6,110,443.32
2011-09-29,5854.97,291.5,110,448.99
2011-09-30,5739.9,280.6,111.2,436.48
2011-10-03,5764.31,274.9,110.9,433.41
2011-10-04,5687.59,267,111.1,427.27
2011-10-05,5746.87,275,109.6,444.69
2011-10-06,5785.23,288,107.2,463.26
2011-10-07,5820.1,288.5,106.4,459.8
2011-10-10,5896.82,298,109,467.7
2011-10-11,5910.77,299.4,107.2,469.41
2011-10-12,6158.36,312.5,109.7,462.75
2011-10-13,6158.36,313.6,108.3,456.83
2011-10-14,6259.49,321.3,106.8,468.08
2011-10-17,6120,318.7,104,466.84
2011-10-18,6113.02,319.5,106,480.95
2011-10-19,6102.56,315,104.5,463.65
2011-10-20,6050.26,310.6,105.9,459.95
2011-10-21,6217.64,331.8,107.1,471.62
2011-10-24,6426.87,350.1,107.1,490.42
2011-10-25,6458.26,344.3,107.9,498.39
2011-10-26,6416.41,351.3,109,482.16
2011-10-27,6622.15,362.4,114.1,498.25
2011-10-28,6740.72,359.4,117.1,490.5
2011-10-31,6395.49,344.6,115,495.33
2011-11-01,6144.41,320.9,114.3,503.43
2011-11-02,5963.08,335.5,114.4,498.49
2011-11-03,6120,348,117.2,508.23
2011-11-04,6137.44,346.7,118.8,509.36
2011-11-07,5970.05,338,118.6,517.41
2011-11-08,6085.13,347.1,120.6,522.65
2011-11-09,5990.97,344.4,122.3,522.81
2011-11-10,6004.92,344.2,120,534.43
2011-11-11,6102.56,359.6,120.6,539.71
2011-11-14,6172.31,359.9,122.1,534.78
2011-11-15,6249.02,355.5,123.2,546.54
2011-11-16,6252.51,354.7,124.5,566.25
2011-11-17,6228.1,347,124.2,545.61
2011-11-18,6106.05,341.8,124.2,534.02
2011-11-21,5949.13,323.9,122,535.99
2011-11-22,5830.56,323,120.1,538.9
2011-11-23,5785.23,318.7,119.6,534.39
2011-11-24,5774.77,315.3,117.8,538.67
2011-11-25,5806.15,318,120,542.95
2011-11-28,6004.92,332.3,121.9,547.23
2011-11-29,6088.61,335.4,122.8,556.55
2011-11-30,6590.77,355,125.6,556.26
2011-12-01,6437.33,352,122.4,552.02
2011-12-02,6622.15,352.5,125.3,555.44
2011-12-05,6684.92,356.9,124.3,558.62
2011-12-06,6604.72,351.7,126.4,562.19
2011-12-07,6496.61,347.9,127.6,558.49
2011-12-08,6416.41,334.1,127.5,545.19
2011-12-09,6392,338.8,126.9,552.23
2011-12-12,6357.13,324.6,126.8,548.66
2011-12-13,6360.61,326,128.7,564.98
2011-12-14,6015.38,309.5,126.5,543.16
2011-12-15,6011.9,303.2,127.9,535.88
2011-12-16,6018.87,302,127.2,532.2
2011-12-19,6022.36,301,129,535.09
2011-12-20,6137.44,314.6,129.6,552.78
2011-12-21,6186.26,314.2,129.9,561.9
2011-12-22,6308.31,316.3,127,567.08
2011-12-23,6416.41,318.8,129.2,567.52
2011-12-27,6465.23,318.6,129.6,576.37
2011-12-28,6437.33,318.2,131.1,565.11
2011-12-29,6489.64,323.2,131.2,574.77
2011-12-30,6611.69,337.5,132,567.84
2012-01-02,6712.82,345,134.5,578.065
2012-01-03,6754.67,354.3,133.8,588.29
2012-01-04,6733.74,354.1,132.4,592.79
2012-01-05,6883.69,355.3,135.8,589.98
2012-01-06,6726.77,353.1,136,591.03
2012-01-09,6691.9,363.9,139.3,591.84
2012-01-10,6716.31,380.5,138.4,593.54
2012-01-11,6639.59,376.8,136.6,589.8
2012-01-12,6817.44,382.5,136.4,578.64
2012-01-13,6800,382.6,135.4,574.73
2012-01-16,6733.74,389,137.8,580.1
2012-01-17,6765.13,397.6,138.7,585.47
2012-01-18,6866.26,400,138.7,582.93
2012-01-19,6873.23,410,139.2,578.18
2012-01-20,6834.87,405,136.6,567.48
2012-01-23,6852.31,409.1,135.1,568.84
2012-01-24,6887.18,404.5,133.9,565.81
2012-01-25,7016.2,411.6,134.4,570.98
2012-01-26,7204.51,426.5,134.5,563.86
2012-01-27,7016.2,417.9,133.1,563.01
2012-01-30,6942.97,413.8,132,560.14
2012-01-31,7302.15,420,134.4,555.67
2012-02-01,7616,424.5,136,550.74
2012-02-02,7532.31,429.2,141.9,547.04
2012-02-03,7706.67,433.8,146.3,552.64
2012-02-06,7720.61,432.6,147.2,552.41
2012-02-07,7727.59,434.5,150.5,557.88
2012-02-08,7748.51,433.5,151.6,552.73
2012-02-09,7839.18,429.2,150.5,558.41
2012-02-10,7762.46,427.8,151.2,556.03
2012-02-13,7929.84,430.7,154.2,565.9
2012-02-14,7950.77,430.6,153.2,568.63
2012-02-15,8125.13,437.7,157.8,577.93
2012-02-16,7992.61,430,156,585.8
2012-02-17,8278.56,440.1,155.5,583.19
2012-02-20,8376.2,458,156.9,589.205
2012-02-21,8264.61,455.4,156,595.22
2012-02-22,7804.31,453.4,156.9,597.38
2012-02-23,7762.46,442.7,159.3,602.99
2012-02-24,7936.82,451.4,158.8,608.61
2012-02-27,7643.9,446.3,157,602.96
2012-02-28,7664.82,450,159.8,588.86
2012-02-29,7846.15,444,156.5,592.23
2012-03-01,8125.13,445,158.2,607.86
2012-03-02,8006.56,443.4,158.9,600.19
2012-03-05,7860.1,436.5,158.9,600.13
2012-03-06,7560.2,415.2,155.6,591.79
2012-03-07,7560.2,423,157.3,601.56
2012-03-08,7553.23,427,157,598.37
2012-03-09,7832.2,436.5,159.7,605.37
2012-03-12,7832.2,427,160.6,602.65
2012-03-13,7943.79,427.7,161.2,607.62
2012-03-14,7853.13,426.4,160.2,600.11
2012-03-15,7846.15,425,159.9,598.51
2012-03-16,7818.26,423.9,160.7,606.93
2012-03-19,7685.74,411,161.8,611.18
2012-03-20,7567.18,405.8,162,594.98
2012-03-21,7483.49,405.6,162.7,603.09
2012-03-22,7525.33,399.5,159,594.95
2012-03-23,7650.87,409.3,156.3,600.09
2012-03-26,7622.97,408.5,158.8,599.45
2012-03-27,7497.43,400.1,156.4,598.57
2012-03-28,7469.54,390.8,158.9,587.71
2012-03-29,7218.46,387.6,154.6,575.95
2012-03-30,7511.38,391.6,154.5,573.87
2012-04-02,7622.97,396.5,163.1,587.87
2012-04-03,7720.61,398.5,167,581.21
2012-04-04,7469.54,378.5,163.5,574.42
2012-04-10,7218.46,370,164.8,573.08
2012-04-11,7232.41,374.3,163.6,581.73
2012-04-12,7406.77,384.4,165.1,586.12
2012-04-13,7197.54,377.9,164.8,581.77
2012-04-16,7253.33,374.3,168.4,587.91
2012-04-17,7246.36,383.3,170.8,590.32
2012-04-18,7309.13,377.3,170,583.33
2012-04-19,7357.95,382.2,171,581.36
2012-04-20,7260.31,384.9,170.8,581.08
2012-04-23,7148.72,371.6,168.4,584.2
2012-04-24,7190.56,380,167.2,585.39
2012-04-25,7197.54,386.5,167.2,586.58
2012-04-26,7288.2,388,167.7,588.55
2012-04-27,7602.05,399,162.7,590.01
2012-04-30,7664.82,395,165.8,590.37
2012-05-01,7776.41,392.1,164.6,595.33
2012-05-02,7734.56,380.2,165.4,596.05
2012-05-03,7741.54,380.2,169,581.18
2012-05-07,7588.1,366.8,167.4,558.85
2012-05-08,7448.61,353,167.8,553.89
2012-05-09,7218.46,346,165.2,555.82
2012-05-10,7260.31,353,165.1,556.78
2012-05-11,7155.69,358.8,167.4,552.05
2012-05-14,6953.44,348.4,163.7,547.71
2012-05-15,7030.15,319,161.6,543.96
2012-05-16,6597.74,316.6,165,541.58
2012-05-21,6625.64,321.8,168.3,539.59
2012-05-22,6650.05,337.2,168.9,533.52
2012-05-23,6454.77,318.4,165.6,527.77
2012-05-24,6472.2,323.7,164.8,536.53
2012-05-25,6412.92,323.2,167.8,538.16
2012-05-29,6555.9,334.8,165.3,538.53
2012-05-30,6416.41,326.8,161.9,524.69
2012-05-31,6500.1,315.7,159.9,518.49
2012-06-01,6297.85,300.7,156.1,501.91
2012-06-04,6140.92,299.9,154.8,501.73
2012-06-06,6301.33,308,160,506.12
2012-06-07,6528,323.3,160.8,500.6
2012-06-08,6461.74,314.9,156.6,501.3
2012-06-11,6507.08,313.7,160.6,490.04
2012-06-12,6451.28,307,161.6,495.73
2012-06-13,6398.97,298.2,162.2,489.88
2012-06-14,6325.74,294.1,161.3,496.81
2012-06-15,6528,306,160.6,495.75
2012-06-18,6496.61,309.1,162.6,490.49
2012-06-19,6625.64,315.5,165,494.99
2012-06-20,6730.26,319.4,163.9,478.63
2012-06-21,6684.92,324.1,163.8,458.77
2012-06-22,6660.51,318,164,472.89
2012-06-25,6458.26,308.8,162.2,471.5
2012-06-26,6343.18,302.5,162.4,472.87
2012-06-27,6388.51,306.8,164.8,477.84
2012-06-28,6392,306,166.8,465.03
2012-06-29,6702.36,320,169.7,501.62
2012-07-02,6768.61,326.6,171.8,494.42
2012-07-03,7016.2,338.9,174,503.61
2012-07-04,7085.95,340.5,173.6,512.8
2012-07-05,7009.23,339,176.4,521.99
2012-07-06,6806.97,331,176.9,507.73
2012-07-09,6754.67,327.5,176.6,520.34
2012-07-10,6915.08,337.6,178.7,508.03
2012-07-11,6852.31,333.5,176.8,520.48
2012-07-12,6800,331,177.8,525.68
2012-07-13,6970.87,337.5,177.1,531.71
2012-07-16,7030.15,339.6,178.3,540.27
2012-07-17,7141.74,336.3,178.6,540.66
2012-07-18,7232.41,336,178.4,546.45
2012-07-19,7337.02,351.4,179.8,560.97
2012-07-20,7225.43,343.8,179.2,557.59
2012-07-23,6939.49,325,177.4,541.7
2012-07-24,7009.23,331.6,177.1,544.6
2012-07-25,7016.2,336.4,178.4,545.42
2012-07-26,7141.74,352,180.7,542.35
2012-07-27,7281.23,361,185.8,544.35
2012-07-30,7344,366.6,186,545.34
2012-07-31,7316.1,365,186.9,533.4
2012-08-01,7211.49,361.4,186.1,538.01
2012-08-02,7169.64,352.3,185.7,525.18
2012-08-03,7309.13,354.9,188.2,555.46
2012-08-06,7392.82,367,188,554.31
2012-08-07,7406.77,365.4,186.1,560.67
2012-08-08,7344,358.4,185.2,563.29
2012-08-09,7281.23,360.2,187.6,564.85
2012-08-10,7106.87,362,187.5,563.69
2012-08-13,7078.97,359.6,186.4,559.37
2012-08-14,7302.15,366.2,191.8,563.02
2012-08-15,7281.23,350.5,193.4,571.97
2012-08-16,7232.41,355.3,190.4,579.59
2012-08-17,7260.31,357.4,187.8,579.46
2012-08-20,7211.49,354.4,188.9,580.94
2012-08-21,7288.2,361.6,186.3,579.27
2012-08-22,7197.54,350.5,186.2,581.96
2012-08-23,7190.56,346.2,186.4,571.25
2012-08-24,7002.26,342,185.5,572.55
2012-08-27,7065.02,349.9,185.9,567.51
2012-08-28,6967.38,337,185.4,571.85
2012-08-29,7009.23,338.3,185.6,567.1
2012-08-30,6810.46,328.6,186,561.96
2012-08-31,6754.67,333.1,186.6,570
2012-09-03,6824.41,335,187.3,567.25
2012-09-04,6765.13,328.2,185.1,564.5
2012-09-05,6779.08,327,187.4,564.89
2012-09-06,6873.23,338.6,188.8,563.24
2012-09-07,6974.36,346.8,185.8,565.5
2012-09-10,7002.26,348.5,184.2,563.11
2012-09-11,6967.38,346.3,185.1,566.31
2012-09-12,7023.18,348,179.2,560.74
2012-09-13,6936,345,178.4,567.59
2012-09-14,7281.23,365.8,175.4,563.65
2012-09-17,7246.36,359.7,175.8,550.45
2012-09-18,7141.74,353,177.5,544.12
2012-09-19,7323.08,353,177.3,527.35
2012-09-20,7323.08,347.1,181.1,528.7
2012-09-21,7476.51,352.4,183.4,533.17
2012-09-24,7406.77,348,184.2,530.7
2012-09-25,7413.74,346,185,526.83
2012-09-26,7253.33,335.9,183.7,522.31
2012-09-27,7246.36,338.9,183.1,531.95
2012-09-28,7239.38,336.5,183.3,531.57
2012-10-01,7441.64,345.2,185.2,535.43
2012-10-02,7462.56,344.8,185.3,529.84
2012-10-03,7455.59,343.4,185.5,509.32
2012-10-04,7378.87,339.2,188.2,527.96
2012-10-05,7441.64,345.7,188.7,515.39
2012-10-08,7420.72,336.8,188.4,514.07
2012-10-09,7267.28,329.5,187.8,531.93
2012-10-10,7072,330,186.9,528.02
2012-10-11,7148.72,330,185.4,531.61
2012-10-12,6974.36,328.1,184.7,528.28
2012-10-15,7002.26,323.9,188.8,528.19
2012-10-16,7134.77,333.2,190.1,526.55
2012-10-17,7127.79,338.9,190.1,523.74
2012-10-18,7204.51,347.9,189.9,523.71
2012-10-19,7099.9,346.4,194.1,515.29
2012-10-22,7044.1,340.5,194,506.64
2012-10-23,6974.36,338,192.7,497.07
2012-10-24,6974.36,345,192.4,494.11
2012-10-25,7002.26,343.5,192.3,493.98
2012-10-26,7002.26,341.8,186,498.59
2012-10-29,7016.2,340.5,186.4,497.44
2012-10-30,7037.13,344.4,185.8,496.29
2012-10-31,7002.26,340,185.5,495.14
2012-11-01,7106.87,346,181.9,500.71
2012-11-02,7183.59,348.5,184,492.62
2012-11-05,7044.1,348.8,184.7,500.01
2012-11-06,7030.15,350.1,172,517.03
2012-11-07,6995.28,349.5,174.2,494.17
2012-11-08,6925.54,343.3,173,498.35
2012-11-09,7051.08,343.1,185.6,505.67
2012-11-12,7169.64,343.2,182.6,501.11
2012-11-13,7155.69,320.4,182.8,501.5
2012-11-14,7113.85,315.2,183.4,505.88
2012-11-15,7002.26,310.6,179.1,499.64
2012-11-16,6988.31,305.8,178.5,507.2
2012-11-19,7113.85,312.2,178.9,521.77
2012-11-20,7120.82,312.2,181.2,505.11
2012-11-21,7134.77,315.3,181.4,508.88
2012-11-22,7183.59,322.6,183.2,507.506666666667
2012-11-23,7169.64,325.7,184.2,506.133333333333
2012-11-26,7065.02,325,182.8,504.76
2012-11-27,7072,324.7,183.4,501.66
2012-11-28,6970.87,319,183.1,500.47
2012-11-29,7058.05,325.5,183.4,505.65
2012-11-30,7141.74,328.4,182.2,510.75
2012-12-03,7155.69,326,183.8,509.02
2012-12-04,7078.97,323.1,183.8,504.31
2012-12-05,7078.97,325.1,184.1,501.78
2012-12-06,7141.74,330.2,184.4,492.22
2012-12-07,7155.69,328.8,185.7,496.67
2012-12-10,7148.72,329.5,186,493.58
2012-12-11,7197.54,330.2,188,492.52
2012-12-12,7274.26,331.3,186.6,496.43
2012-12-13,7274.26,329.6,185.2,490.04
2012-12-14,7364.92,330.6,184.8,494.7
2012-12-17,7330.05,327.7,182.9,494.4
2012-12-18,7434.67,327,181.4,497.79
2012-12-19,7546.26,323,181.7,502.04
2012-12-20,7476.51,328.4,181.2,507.68
2012-12-21,7469.54,328,183.2,500.8
2012-12-27,7511.38,330.8,183.4,511.01
2012-12-28,7427.69,327.2,183.3,513.85
2013-01-02,7755.49,335.6,186.7,523.82
2013-01-03,7811.28,334,187.6,529.06
2013-01-04,7790.36,334.4,190.1,533.64
2013-01-07,7839.18,337.5,189.2,533.15
2013-01-08,7755.49,333.2,192,531.05
2013-01-09,7888,335.5,192.6,532
2013-01-10,8041.43,342,191.7,533.79
2013-01-11,8006.56,346.9,193.7,525.88
2013-01-14,8027.49,340.4,193.7,526.59
2013-01-15,8006.56,337.3,196.1,522.32
2013-01-16,7971.69,341.5,198.1,529.68
2013-01-17,8006.56,349,198.8,533.06
2013-01-18,8090.26,348.1,196.5,535.25
2013-01-21,8236.72,354,198,537.32
2013-01-22,8153.02,354.5,199.1,539.39
2013-01-23,8034.46,352.2,202.4,533.15
2013-01-24,7943.79,354.2,201.4,536.35
2013-01-25,8034.46,356.8,203.2,531.23
2013-01-28,7985.64,351,202,535.17
2013-01-29,7901.95,357.3,202.8,541.82
2013-01-30,7860.1,351,204.2,539.64
2013-01-31,7650.87,341.1,202.2,536.83
2013-02-01,7811.28,345.5,208.2,534.59
2013-02-04,7720.61,334.3,210.2,529.38
2013-02-05,7741.54,338.9,212.2,532.53
2013-02-06,7685.74,335.3,213.2,533.23
2013-02-07,7755.49,338,213,527.78
2013-02-08,7776.41,340.3,214,533.95
2013-02-11,7734.56,348.6,185.7,540.67
2013-02-12,7748.51,361.5,186.4,541.42
2013-02-13,7741.54,385.2,188.6,536.98
2013-02-14,7776.41,389.2,191.8,544.74
2013-02-15,7776.41,387.4,191.2,536.6
2013-02-18,7769.43,385,191.7,538.385
2013-02-19,7957.74,395.5,192.8,540.17
2013-02-20,7985.64,397,196.3,527.09
2013-02-21,7846.15,386.8,195.1,525.21
2013-02-22,7755.49,392.5,195.8,526.86
2013-02-25,7936.82,388.8,198,522.2
2013-02-26,7915.9,388.6,200.4,528.34
2013-02-27,7915.9,389.2,198.4,528.12
2013-02-28,7964.72,390,199.5,522.75
2013-03-01,7846.15,384.9,201.6,520.1
2013-03-04,7846.15,375.3,206.6,516.56
2013-03-05,7999.59,375,207.8,519.51
2013-03-06,8034.46,375.7,205.4,517.23
2013-03-07,7978.67,373.6,200.4,524.63
2013-03-08,7985.64,378.1,199.6,523.83
2013-03-11,7978.67,375.6,201.6,528.3
2013-03-12,8020.51,374.3,199.9,528.72
2013-03-13,7978.67,370.4,201.4,531.48
2013-03-14,8034.46,370.4,199.3,536.27
2013-03-15,8118.15,366.7,199.8,532.6
2013-03-18,8090.26,362,192,540.5
2013-03-19,8083.28,358.8,193,530.82
2013-03-20,8146.05,360.1,190.3,535.23
2013-03-21,8139.08,355.2,187.4,533.72
2013-03-22,8090.26,350.2,185.5,539.39
2013-03-25,8041.43,350,187.8,546.37
2013-03-26,8006.56,355.1,189.8,558.27
2013-03-27,7915.9,352.1,189,563.75
2013-04-02,7867.08,351.6,190.6,564.28
2013-04-03,7867.08,348,193,548.78
2013-04-04,7706.67,346,190.3,542.29
2013-04-05,7553.23,347.1,187,533.88
2013-04-08,7539.28,338,190.9,534.38
2013-04-09,7525.33,336,190.1,538.6
2013-04-10,7643.9,341,189.5,539.25
2013-04-11,7629.95,337.5,192,531.47
2013-04-12,7281.23,332.3,190.8,521.44
2013-04-15,7085.95,323.9,192.9,505.64
2013-04-16,7141.74,325.3,191,503.82
2013-04-17,6967.38,321,190,492.27
2013-04-18,7030.15,320.3,189.8,501.39
2013-04-19,7058.05,324.9,189.7,500.34
2013-04-22,7127.79,317,189.8,507.56
2013-04-23,7364.92,327,190.5,511.74
2013-04-24,7302.15,330.6,195.7,524.1
2013-04-25,7295.18,334,196.5,533.77
2013-04-29,7092.92,330,198.3,537.36
2013-04-30,7023.18,329.3,198.6,533.08
2013-05-01,7009.23,331.7,195.2,513.08
2013-05-02,7078.97,333.5,196.9,531.26
2013-05-03,7288.2,339.9,195.4,543.4
2013-05-06,7225.43,336.7,198,546.78
2013-05-07,7253.33,331.3,196.4,543.7
2013-05-08,7239.38,336.2,195.9,548.27
2013-05-13,7169.64,337,199.2,546.78
2013-05-14,7183.59,335,201.2,541.08
2013-05-15,7078.97,333.3,203,546.41
2013-05-16,7190.56,334.5,199.6,550.21
2013-05-17,7295.18,302,199,556.05
2013-05-21,7323.08,307.1,197.9,557.02
2013-05-22,7406.77,306,197.8,543.77
2013-05-23,7253.33,294.2,193.8,545.12
2013-05-24,7204.51,294.5,193.5,542.38
2013-05-27,7274.26,293.5,193.8,544.835
2013-05-28,7378.87,298.5,194,547.29
2013-05-29,7344,294,189.5,535.96
2013-05-30,7330.05,293.5,190,539.11
2013-05-31,7190.56,288.8,184.9,527.22
2013-06-03,7232.41,284.9,184.5,535.52
2013-06-04,7364.92,281.5,187.4,531.3
2013-06-06,7197.54,282.3,184.9,538.51
2013-06-07,7204.51,273.3,183.4,539.96
2013-06-10,7392.82,270.7,184.5,540.58
2013-06-11,7267.28,267,186.5,535.89
2013-06-12,7190.56,263.6,187.5,538.52
2013-06-13,7162.67,266.5,186.5,541.66
2013-06-14,7169.64,271,186.4,548.59
2013-06-17,7155.69,271.9,181.4,546.77
2013-06-18,7406.77,267.7,181.1,549.06
2013-06-19,7441.64,259.8,177.5,546.65
2013-06-20,7302.15,252.4,176.2,539.07
2013-06-21,7267.28,249.5,174.9,530.16
2013-06-24,7120.82,252.2,170.7,542.53
2013-06-25,7120.82,261.3,174.4,541.36
2013-06-26,7113.85,264.1,178.6,547
2013-06-27,7141.74,268,182.4,555.49
2013-06-28,7155.69,260.9,178.6,550.62
2013-07-01,7288.2,256.4,182.3,560.65
2013-07-02,7448.61,256,181.8,570.81
2013-07-03,7274.26,249.5,181.4,579.753333333333
2013-07-04,7337.02,257.4,185.2,588.696666666667
2013-07-05,7302.15,254.5,186.4,597.64
2013-07-08,7406.77,258.8,187.6,598.73
2013-07-09,7448.61,267.1,185.1,600.61
2013-07-10,7616,266,188,620.05
2013-07-11,7741.54,273.5,187,599.86
2013-07-12,7692.72,274.3,187.1,606.25
2013-07-15,7581.13,270.9,186,609.35
2013-07-16,7518.36,268.1,184.4,602.57
2013-07-17,7497.43,273.9,187.4,604.49
2013-07-18,7532.31,271.5,186.8,615.35
2013-07-19,7629.95,270.7,184.8,614
2013-07-22,7616,275.3,183.8,605.59
2013-07-23,7678.77,277.7,185.4,606.83
2013-07-24,7755.49,282.5,187.4,593.41
2013-07-25,7762.46,272.5,186.4,595.83
2013-07-26,7671.79,269.8,188.1,588.75
2013-07-29,7671.79,270.5,189,587.44
2013-07-30,7699.69,269.1,188.4,578.47
2013-07-31,7664.82,266.2,189.6,589.79
2013-08-01,7755.49,266.6,195,607.68
2013-08-02,7755.49,266,193.6,603.8
2013-08-05,7727.59,263,195.2,599.26
2013-08-06,7692.72,262.5,193.2,591.26
2013-08-07,7685.74,263.8,192.3,584.96
2013-08-08,7776.41,272.9,192.8,577.17
2013-08-09,7881.02,275.4,192.5,591.05
2013-08-12,7762.46,283.1,195,596.01
2013-08-13,7964.72,290,197,599.59
2013-08-14,7915.9,290.6,196,601.77
2013-08-15,7804.31,285.4,195.6,602
2013-08-16,8557.54,289.7,197,600.73
2013-08-19,8761.54,294.3,196.5,598.52
2013-08-20,8648.2,285,196.5,584.57
2013-08-21,8627.28,286,195.3,578.72
2013-08-22,8690.05,292.1,194.6,588.01
2013-08-23,8557.54,320.8,193.3,594.36
2013-08-26,8578.46,326.6,194.2,591.32
2013-08-27,8473.84,310.8,193.2,609.67
2013-08-28,8459.9,310.3,190.6,615.35
2013-08-29,8452.92,310.8,191.3,611.77
2013-08-30,8369.23,307.8,188.6,606.73
2013-09-02,8508.72,313,192.5,610.685
2013-09-03,8529.64,316,187.2,614.64
2013-09-04,8620.31,310.3,186.2,607.2
2013-09-05,8831.28,312.4,184.3,612.23
2013-09-06,8848.72,315.3,182.6,628.52
2013-09-09,8892.31,318,184.4,619.15
2013-09-10,9023.08,319.9,186.8,604.96
2013-09-11,9023.08,318.5,186.7,604.66
2013-09-12,9057.95,316.8,187,609.43
2013-09-13,9014.36,310.1,185.8,606.96
2013-09-16,8944.61,314,188.6,595.04
2013-09-17,8892.31,313,188.5,588.6
2013-09-18,8909.74,315.1,188.1,603.64
2013-09-19,9014.36,319.2,191.7,585.77
2013-09-20,9092.82,317.7,191.7,577.6
2013-09-23,8848.72,312.8,189,571.91
2013-09-24,8953.33,312.4,189.3,570.8
2013-09-25,9040.51,307,186.2,566.95
2013-09-26,8979.49,307,186.1,569.2
2013-09-27,9005.64,303.5,187.5,566.69
2013-09-30,8813.84,297,187.2,565.11
2013-10-01,8962.05,301.7,185,561.49
2013-10-02,9031.79,298.5,183.2,574.51
2013-10-03,9014.36,296.3,183.1,566.91
2013-10-04,9014.36,290.1,182.6,569.87
2013-10-07,9066.67,289.9,183.1,566.29
2013-10-08,9049.23,284.8,181.2,568.67
2013-10-09,8996.92,279.9,180.3,560.83
2013-10-10,9075.38,288,185.2,567.83
2013-10-11,9223.59,287,184.4,560.96
2013-10-14,9223.59,281.9,185.6,563.15
2013-10-15,9127.69,288,184,559.48
2013-10-16,9380.51,289,187.2,562.63
2013-10-17,9241.02,275.1,189.7,549.62
2013-10-18,9232.31,278.1,189.4,549.47
2013-10-21,9345.64,284.2,190.6,541.53
2013-10-22,9389.23,288.5,194.1,533.53
2013-10-23,9275.9,283.7,194.5,525.41
2013-10-24,9380.51,284.7,197,524.73
2013-10-25,9406.67,283.6,196.1,529.77
2013-10-28,9275.9,278.9,196.8,534.04
2013-10-29,9284.61,282.4,198,532.01
2013-10-30,9310.77,281,197.4,524.74
2013-10-31,9267.18,274.5,182.8,527
2013-11-01,9302.05,270.1,183.4,522.5
2013-11-04,9275.9,279,184.6,522.52
2013-11-05,9232.31,276.6,184.3,516.07
2013-11-06,9267.18,290,187.6,523.15
2013-11-07,9214.87,278,189.5,525.71
2013-11-08,9363.08,275.5,188.6,525.34
2013-11-11,9485.13,279.5,189.6,529.8
2013-11-12,9319.49,277.8,189.9,516.6
2013-11-13,9415.38,284.7,191.8,521.98
2013-11-14,9659.49,283.8,192.4,520.5
2013-11-15,9659.49,283.1,192.6,520.01
2013-11-18,9676.92,283,193.8,513.35
2013-11-19,9624.61,280.4,192.2,515.61
2013-11-20,9589.74,277.6,191.8,514.64
2013-11-21,9607.18,278,191.5,528.41
2013-11-22,9380.51,277.2,190.4,523.28
2013-11-25,9450.25,278,191.4,519.29
2013-11-26,9528.72,276.6,190.1,515.76
2013-11-27,9676.92,278.7,189.6,506.35
2013-11-28,9624.61,286,195.3,509.916666666667
2013-11-29,9711.79,287.1,196.7,513.483333333333
2013-12-02,9668.2,283.3,196.5,517.05
2013-12-03,9546.15,276.1,197.6,527.61
2013-12-04,9493.84,273.3,194.9,533.44
2013-12-05,9458.97,268,196.2,534.36
2013-12-06,9511.28,267.7,195.1,533.25
2013-12-09,9546.15,268,195,529.21
2013-12-10,9554.87,267.5,193.2,534.49
2013-12-11,9572.31,267.4,193.5,528.05
2013-12-12,9502.56,262,191.3,528.07
2013-12-13,9493.84,261.7,191,525.05
2013-12-16,9458.97,267.5,191.4,527.91
2013-12-17,9458.97,264.7,190.5,527.55
2013-12-18,9650.77,267.1,190.7,530.69
2013-12-19,9772.82,273.6,195.6,539.13
2013-12-20,9860,278.1,196.3,542.65
2013-12-23,10034.36,280.3,195.1,538.59
2013-12-27,10234.87,290.3,197.2,541.75
2013-12-30,10261.02,296.1,198.8,537.43
2014-01-02,10356.92,293.8,200.9,521.18
2014-01-03,10513.84,302.1,204.9,514.02
2014-01-06,10496.41,310,204,512.38
2014-01-07,10862.56,309.9,206.5,512.26
2014-01-08,10906.15,312.3,207.8,506.72
2014-01-09,10984.61,310,209.1,502.4
2014-01-10,11167.69,312.5,211.9,509.23
2014-01-13,11376.92,316.3,211.3,501.7
2014-01-14,11568.72,316.2,210.7,505.53
2014-01-15,11629.74,320.9,209.8,516.46
2014-01-16,11507.69,321,210.4,515.65
2014-01-17,11437.95,325.7,209.9,518.41
2014-01-20,11333.33,323,212.6,521.23
2014-01-21,11420.51,325.6,213.4,524.05
2014-01-22,11350.77,326,210.9,532.08
2014-01-23,11368.2,322.4,210,532.46
2014-01-24,11237.43,309.2,210.1,526.88
2014-01-27,10818.97,295.7,206.2,522.97
2014-01-28,10958.46,301.6,206,532.52
2014-01-29,10836.41,295,204.3,533.91
2014-01-30,10975.9,294.3,211.3,540.01
2014-01-31,10757.95,294.8,219,538.22
2014-02-03,10662.05,288.3,222,533.09
2014-02-04,10487.69,287.2,218,536.48
2014-02-05,10478.97,291,225.2,536.58
2014-02-06,10618.46,300.9,230.2,541.01
2014-02-07,10880,297.6,233.8,549.09
2014-02-10,10958.46,298.8,234.7,547.5
2014-02-11,11115.38,300,233.2,545.31
2014-02-12,11193.84,298.7,235,551.81
2014-02-13,11097.95,277.3,238,547.57
2014-02-14,11246.15,279.9,238.7,546.02
2014-02-17,11246.15,286,238.5,551.33
2014-02-18,11185.13,285,238.6,556.64
2014-02-19,11246.15,287.5,240,560.87
2014-02-20,11202.56,286.5,240,560.37
2014-02-21,11376.92,286.6,242.9,556.41
2014-02-24,11507.69,290.4,247,558.63
2014-02-25,11586.15,293.5,261.5,552.49
2014-02-26,11525.13,288.9,257,557.74
2014-02-27,11132.82,285.3,257,559.58
2014-02-28,11525.13,284.3,257.7,554.24
2014-03-03,11202.56,280,253,568.69
2014-03-04,11551.28,283,260,560.08
2014-03-05,11525.13,283.4,259,551.33
2014-03-06,11429.23,288.4,256.7,551.41
2014-03-07,11254.87,295.6,254.8,551
2014-03-10,11132.82,290.8,251.1,543.64
2014-03-11,11324.61,289.4,249.8,538.98
2014-03-12,10958.46,282.4,246.7,526.59
2014-03-13,10880,279,247.2,525.68
2014-03-14,10618.46,274.2,244,531.58
2014-03-17,10731.79,276.4,245,526.4
2014-03-18,10784.1,276.8,248.2,535.28
2014-03-19,10749.23,276.1,245.7,538.46
2014-03-20,10627.18,270.1,245.8,539.29
2014-03-21,10757.95,270.2,239.2,538.77
2014-03-24,10662.05,264.2,240,539.77
2014-03-25,10696.92,268.5,239.6,536.97
2014-03-26,10766.67,276.9,240.4,542.71
2014-03-27,10810.25,273.2,243.3,549.61
2014-03-28,11158.97,269.9,246.2,551.66
2014-03-31,11333.33,273.4,246.8,550.04
2014-04-01,11158.97,289,244.5,539.96
2014-04-02,11333.33,292.1,246,539.09
2014-04-03,11455.38,290.6,244.5,543.64
2014-04-04,11403.08,293.8,243.6,551.12
2014-04-07,11237.43,294,238.5,546.43
2014-04-08,11158.97,287.5,234.6,555.91
2014-04-09,11220,290,238.3,560.73
2014-04-10,11019.49,285.9,235.5,556.72
2014-04-11,10967.18,282.6,231.4,558.35
2014-04-14,10635.9,282.8,232.9,561.86
2014-04-15,10601.02,276.4,230.7,561.19
2014-04-16,10801.54,285.8,235.6,559.76
2014-04-22,10984.61,289.4,244.3,551.88
2014-04-23,10853.84,287.3,243.3,547.49
2014-04-24,10853.84,288.7,241.6,550.75
2014-04-25,10749.23,285,240.6,542.9
2014-04-28,10897.43,281.5,242.8,543.06
2014-04-29,11071.79,283,244.2,546.81
2014-04-30,11176.41,287.5,242.7,537.51
2014-05-01,11237.43,285.6,238,534.73
2014-05-02,11237.43,292.5,238.8,537.17
2014-05-05,11228.72,294.6,237,535.18
2014-05-06,11202.56,297,236,532.57
2014-05-07,11089.23,293.4,233.4,540.07
2014-05-08,11141.54,301.6,232.4,536.31
2014-05-09,11202.56,305.2,234.5,541.57
2014-05-12,11472.82,314.5,236.9,545.46
2014-05-13,11481.54,310.9,236.7,553.95
2014-05-14,11577.43,333,234,557.01
2014-05-15,11507.69,333,230.9,554.68
2014-05-19,11437.95,323.5,230.5,558.47
2014-05-20,11621.02,318.9,231.6,558.07
2014-05-21,12056.92,319.1,233.9,568.06
2014-05-22,12117.95,317.7,234.4,566.58
2014-05-23,12205.13,320.1,233.5,571.44
2014-05-26,12301.02,317.8,235.8,570.59
2014-05-27,12379.49,317.4,235.6,569.74
2014-05-28,12431.79,318.3,231.8,563.35
2014-06-02,12449.23,318.3,231.5,561.92
2014-06-03,12327.18,316,233.5,561.55
2014-06-04,12335.9,311.7,235.9,562.16
2014-06-06,12614.87,313.2,236.6,561.54
2014-06-10,12658.46,312.9,244.3,574.72
2014-06-11,12457.95,308.7,245,575.02
2014-06-12,12431.79,304.1,250.7,587.47
2014-06-13,12405.64,308.1,247.3,589.2
2014-06-16,12240,309.4,251.4,589.09
2014-06-17,11586.15,308.2,255,584.5
2014-06-18,11865.13,308.7,253.6,582.57
2014-06-19,11838.97,311.8,253,582.66
2014-06-20,11621.02,309.3,253.4,588.57
2014-06-23,11638.46,318,252,582.15
2014-06-24,11594.87,313.9,251,580.43
2014-06-25,11490.25,304.1,248.8,583.15
2014-06-26,11682.05,305.1,250.3,579.99
2014-06-27,11734.36,303,250.3,578.94
2014-07-01,11900,302.8,250.8,573.78
2014-07-02,12065.64,307,252.6,570.47
2014-07-03,12074.36,312,254,569.623333333333
2014-07-04,12048.2,313.9,252.7,568.776666666667
2014-07-07,11865.13,308.1,251.6,567.93
2014-07-08,11699.49,299.4,248.9,567.3
2014-07-09,11699.49,295,247.2,560.61
2014-07-10,11647.18,291.8,247.8,564.08
2014-07-11,11682.05,289.3,247.8,552.96
2014-07-14,11734.36,293.5,251,552.19
2014-07-15,11673.33,290.1,251.2,547.54
2014-07-16,11725.64,298.2,253.4,557.64
2014-07-17,11664.61,296.1,253.7,568.93
2014-07-18,11542.56,289.2,250.1,568.61
2014-07-21,11420.51,287.1,247.7,576.93
2014-07-22,11612.31,293.4,255,577.58
2014-07-23,11743.08,297.2,256.2,571.08
2014-07-24,11655.9,293.8,251.5,565
2014-07-25,11542.56,293.5,253.9,566.42
2014-07-28,11472.82,291.1,254,564.36
2014-07-29,11455.38,291.8,256.5,560.67
2014-07-30,11472.82,288.8,257.5,557.93
2014-07-31,11324.61,286.1,257.9,547.12
2014-08-01,11089.23,289.7,251.2,544.8
2014-08-04,11089.23,296,251.6,545.98
2014-08-05,11246.15,304.2,257,542.54
2014-08-06,11185.13,298.2,252.8,541.48
2014-08-07,11071.79,288.5,249.3,542.88
2014-08-08,11036.92,280.7,245.5,543.75
2014-08-11,11263.59,292.7,247.6,546.28
2014-08-12,11342.05,292.5,245.5,543.94
2014-08-13,11498.97,302.4,246.5,544.6
2014-08-14,11516.41,297.9,246.9,532.86
2014-08-15,11594.87,294.2,246.6,542.13
2014-08-18,11769.23,297.9,250.4,537.09
2014-08-19,12344.61,296.2,251.7,527.52
2014-08-20,12466.67,292,255.6,539.22
2014-08-21,12553.84,295.3,256.3,528.22
2014-08-22,12501.54,290.8,254.2,526.26
2014-08-25,12606.15,295.8,257,527.23
2014-08-26,12641.02,298.4,258.8,530.39
2014-08-27,12597.43,305.5,259.4,531.06
2014-08-28,12527.69,302.1,258,534.66
2014-08-29,12379.49,302.7,259,542.23
2014-09-01,12388.2,305.4,259.3,534.84
2014-09-02,12545.13,312,258.4,527.45
2014-09-03,12632.31,314,259.1,541.05
2014-09-04,12745.64,314.7,258,540.43
2014-09-05,12815.38,315.2,254.9,536.45
2014-09-08,12911.28,312,258.1,532.87
2014-09-09,12981.02,313.5,264.4,535.2
2014-09-10,12998.46,310.9,264.9,527.81
2014-09-11,12928.72,303.1,266.9,534.49
2014-09-12,12963.59,299.5,274,531.15
2014-09-15,12954.87,304.3,275.4,535.76
2014-09-16,12832.82,299.7,272.8,545.49
2014-09-17,13251.28,299.4,277.3,542.63
2014-09-18,13137.95,295.4,281.6,538.31
2014-09-19,13268.72,297,281.7,535.28
2014-09-22,13181.54,291.5,279.8,530.36
2014-09-23,13059.49,287.1,276.3,528.67
2014-09-24,12606.15,286.5,277.3,538.56
2014-09-25,12187.69,284.8,279.6,541.79
2014-09-26,12580,286,281.5,546.84
2014-09-29,12301.02,282.3,284,554.21
2014-09-30,12205.13,282,282,539.23
2014-10-01,12083.08,275.7,283.8,535.88
2014-10-02,11760.51,271.5,279,536.36
2014-10-03,12056.92,272.7,281,529.51
2014-10-06,12013.33,275.5,278.2,535.2
2014-10-07,11786.67,274.5,271.6,524.63
2014-10-08,11498.97,270,266.2,514
2014-10-09,11455.38,272.2,263.9,500.22
2014-10-10,11193.84,266.4,258.4,505.46
2014-10-13,11167.69,261.6,257.2,503.38
2014-10-14,11141.54,263.7,258.9,481.78
2014-10-15,10784.1,259.9,252.9,480.72
2014-10-16,10583.59,254.5,247,482.98
2014-10-17,10810.25,260,258.2,480.51
2014-10-20,10897.43,261.1,260.8,482.22
2014-10-21,11289.74,268.1,263.7,483.22
2014-10-22,11507.69,274.3,268.8,472.4
2014-10-23,11594.87,272.5,269.5,482.48
2014-10-24,11533.84,267.8,267.1,476.44
2014-10-27,11638.46,264.2,267.4,475.59
2014-10-28,11743.08,266.1,254,475.44
2014-10-29,12004.61,267.5,255.5,480.44
2014-10-30,11917.43,267,271.4,479.39
2014-10-31,12065.64,269,268.7,478.74
2014-11-03,11943.59,264.9,263.4,469.42
2014-11-04,11725.64,262.9,261.2,459.1
2014-11-05,11342.05,265.3,262,469.22
2014-11-06,11385.64,266.7,262.4,463.11
2014-11-07,11324.61,255.3,260.2,472.08
2014-11-10,11560,254.1,257.9,461.12
2014-11-11,11150.25,255.9,263.5,466.74
2014-11-12,10880,252.5,263.6,460.69
2014-11-13,10888.72,251.1,263,443.4
2014-11-14,10836.41,249.7,261.1,453.81
2014-11-17,10757.95,247,261.5,450.56
2014-11-18,11019.49,254.5,261.5,443.82
2014-11-19,11036.92,252.7,264.5,442.89
2014-11-20,10862.56,250.6,263.8,448.67
2014-11-21,11019.49,258.2,265.8,458.33
2014-11-24,11158.97,262.6,266.5,454.32
2014-11-25,11228.72,264,266.5,443.65
2014-11-26,11307.18,260.6,267,439.46
2014-11-27,10993.33,257.8,269.7,430.213333333333
2014-11-28,10880,253,272.9,420.966666666667
2014-12-01,10688.2,246.9,273.7,411.72
2014-12-02,10662.05,261.5,277.6,400.54
2014-12-03,10749.23,271.5,277.7,406.6
2014-12-04,10592.31,264,275.8,403.76
2014-12-05,10505.13,269,281,396.25
2014-12-08,10435.38,270.5,279.3,382.69
2014-12-09,10234.87,270,275.7,383.9
2014-12-10,10156.41,263.3,276.2,365.86
2014-12-11,9711.79,264,275.8,358.82
2014-12-12,9921.02,261.6,269.1,345.33
2014-12-15,9842.56,260.7,263.5,334.67
2014-12-16,9694.36,262.5,260.2,331.94
2014-12-17,10025.64,265.1,259.9,337.54
2014-12-18,10531.28,272,266.5,327.67
2014-12-19,10592.31,274.1,266,342.42
2014-12-22,10723.08,269.6,267.2,335.38
2014-12-23,10810.25,274.2,260.8,348
2014-12-29,10810.25,272.9,264.5,327.03
2014-12-30,10784.1,272.3,260.3,331.29
2015-01-02,10914.87,271.4,263.4,325.66
2015-01-05,10513.84,264.2,265.7,312.5
2015-01-06,10400.51,264.2,263.9,299.37
2015-01-07,10461.54,262,264.6,306.02
2015-01-08,10853.84,265,269.8,308.46
2015-01-09,10810.25,272.7,270.8,304.55
2015-01-12,10810.25,279.9,274.5,290.34
2015-01-13,11080.51,276.4,279.4,289.77
2015-01-14,10801.54,264.2,277.9,306.26
2015-01-15,11063.08,268.6,284.6,293.69
2015-01-16,10967.18,264.5,282.1,312.39
2015-01-19,11080.51,269.4,292.2,305.135
2015-01-20,11141.54,272.7,290.7,297.88
2015-01-21,11315.9,275,288.8,306.45
2015-01-22,11446.67,280.3,288.1,296.78
2015-01-23,11542.56,284,293,303.02
2015-01-26,11725.64,289.6,297.2,298.95
2015-01-27,11472.82,276,297.4,304.56
2015-01-28,11699.49,277,298.4,291.69
2015-01-29,11507.69,274.9,299.9,292.96
2015-01-30,11664.61,279.2,295.5,317.65
2015-02-02,11647.18,279.2,292,326.26
2015-02-03,11882.56,288.9,289.8,347.14
2015-02-04,11690.77,292.4,282.8,315.1
2015-02-05,11743.08,298.5,282.6,329.41
2015-02-06,11786.67,295.7,279.4,336.15
2015-02-09,11560,298.2,276.3,348.99
2015-02-10,11385.64,294.6,281.4,329.6
2015-02-11,11115.38,296.8,281,321.34
2015-02-12,11298.46,284,281.6,336.54
2015-02-13,11664.61,291.9,285.2,345.22
2015-02-16,11908.72,289.1,283,347.15
2015-02-17,12074.36,286.2,287.8,349.08
2015-02-18,12274.87,292.8,293.5,341.3
2015-02-19,12292.31,293.5,297.3,334.46
2015-02-20,12370.77,295.6,310.4,332.45
2015-02-23,12344.61,297.1,313.2,326.68
2015-02-24,12152.82,295.7,311.6,324.51
2015-02-25,13303.59,301.9,311.7,335.48
2015-02-26,13286.15,303.3,316,317.86
2015-02-27,13399.49,305,319.7,330.52
2015-03-02,13251.28,312,317.5,329.65
2015-03-03,13120.51,303.8,315,337.16
2015-03-04,13076.92,301.8,315.6,345.46
2015-03-05,13233.84,307.7,318,341.83
2015-03-06,13164.1,309.9,321.1,337.19
2015-03-09,13408.2,311.6,320.6,343.02
2015-03-10,13251.28,305.9,326,335.11
2015-03-11,13321.02,312.1,325.1,339.67
2015-03-12,13355.9,307.4,326.3,330.61
2015-03-13,13260,307.5,337.8,316.39
2015-03-16,13408.2,309.5,345.4,310.32
2015-03-17,13251.28,305.7,339.4,304.91
2015-03-18,13399.49,305.3,339.4,314.5
2015-03-19,13565.13,302.8,341.9,306.77
2015-03-20,13791.79,306.1,343.3,316.15
2015-03-23,13992.31,309.7,339.1,324.2
2015-03-24,14027.18,319.3,345.1,323.69
2015-03-25,13992.31,317.5,340.7,334.58
2015-03-26,13844.1,314,335,350.01
2015-03-27,13974.87,308.2,369.7,336.15
2015-03-30,14306.15,314.3,376.8,335.26
2015-03-31,12675.9,313,372,330.47
2015-04-01,12858.97,311.1,377,347.95
2015-04-07,12902.56,314.9,380,371.81
2015-04-08,13015.9,306.3,381.7,346.83
2015-04-09,13015.9,302.1,381.4,352.22
2015-04-10,12885.13,308.2,393.3,365.03
2015-04-13,12614.87,308.3,389.7,367.55
2015-04-14,12213.84,304.3,387,376.78
2015-04-15,12431.79,303.9,387.7,398.02
2015-04-16,12274.87,303.1,382.4,395.17
2015-04-17,12030.77,294.8,376.9,384.56
2015-04-20,12022.05,293.4,382.3,392.25
2015-04-21,12292.31,295.7,393.1,385.32
2015-04-22,12187.69,293.4,391.8,390.08
2015-04-23,12048.2,285,385.2,399.88
2015-04-24,11891.28,284.4,390.3,393.92
2015-04-27,11882.56,290.9,394,392.89
2015-04-28,11908.72,286.5,382.2,389.59
2015-04-29,11716.92,281.7,373,397.31
2015-04-30,11516.41,284.9,378.7,396.81
2015-05-04,11682.05,282.2,381.7,394.45
2015-05-05,11682.05,280.2,370.6,405.57
2015-05-06,11551.28,279.5,366.6,405.01
2015-05-07,11542.56,270.9,369,389.13
2015-05-08,11586.15,294.8,373.1,395.04
2015-05-11,11978.46,306.9,376.1,396.85
2015-05-12,11830.25,308.3,372.4,403.4
2015-05-13,11777.95,312.6,368,402.38
2015-05-18,11673.33,310.8,373.5,389.49
2015-05-19,11682.05,316,382.2,382.02
2015-05-20,11682.05,317.5,382.3,395.74
2015-05-21,11472.82,324.5,384.5,406.75
2015-05-22,11429.23,327.5,388,398.88
2015-05-26,11246.15,333.1,390.1,395.94
2015-05-27,11490.25,341.3,394.1,394.75
2015-05-28,11507.69,338,386.5,394.9
2015-05-29,11420.51,337.6,379.3,410.05
2015-06-01,11560,335,389.1,410.29
2015-06-02,11673.33,335.5,384.6,414.31
2015-06-03,11682.05,339.1,382.5,399.58
2015-06-04,11490.25,331.6,380.8,382.32
2015-06-08,11158.97,325,371.8,388.58
2015-06-09,10923.59,325.9,369.6,398.85
2015-06-10,11124.1,341.5,380.1,406.38
2015-06-11,10984.61,335,383.1,403.7
2015-06-12,10574.87,329.5,379.9,398.73
2015-06-15,10391.79,326.1,371.1,395.8
2015-06-16,10522.56,330.5,370,398.76
2015-06-17,10470.25,330.2,364.8,396.18
2015-06-18,10487.69,330.7,363.6,395.46
2015-06-19,10513.84,334.2,362.7,393.62
2015-06-22,10714.36,340.2,377.1,392.51
2015-06-23,10749.23,341.5,376.3,406.36
2015-06-24,10757.95,337.3,377.3,401.08
2015-06-25,10836.41,334.6,377,397.42
2015-06-26,10845.13,334.5,372.6,397.15
2015-06-29,10714.36,329.6,365.8,390.88
2015-06-30,10566.15,322,364.6,396.52
2015-07-01,10339.49,324.9,372.4,382.85
2015-07-02,10348.2,322.4,370.9,383.8
2015-07-03,10417.95,322.2,368.7,369.92
2015-07-06,10182.56,320.9,371,356.04
2015-07-07,10121.54,312.9,366.1,357.2
2015-07-08,10121.54,309.9,363.7,349.62
2015-07-09,10217.43,313.2,373,356.3
2015-07-10,10243.59,308.9,384.4,351.89
2015-07-13,10374.36,317.3,394,352.55
2015-07-14,10383.08,316.7,393.4,358.82
2015-07-15,10505.13,313.6,398.5,348.5
2015-07-16,10757.95,331.2,402.4,349.57
2015-07-17,10757.95,328.1,401.3,348.74
2015-07-20,10801.54,335.3,405.9,344.82
2015-07-21,10749.23,331.8,399.5,345.8
2015-07-22,10487.69,333,399,336.67
2015-07-23,10487.69,326.1,396.6,328.67
2015-07-24,10287.18,315.5,396.5,328.36
2015-07-27,10043.08,303.6,388.6,319.77
2015-07-28,9938.46,303.5,393,324.72
2015-07-29,9973.33,304,400,330.04
2015-07-30,10034.36,302.4,397.2,330.45
2015-07-31,10086.67,304,398.4,320.59
2015-08-03,10356.92,304.9,409.5,307.77
2015-08-04,10505.13,304.8,407,311.03
2015-08-05,10592.31,309,410.7,309.56
2015-08-06,10644.61,304.8,396.5,306.14
2015-08-07,10452.82,300.6,388.5,299.2
2015-08-10,10400.51,304.8,392.1,306.1
2015-08-11,10348.2,298.6,389.5,290.8
2015-08-12,10383.08,290.8,377.3,289.66
2015-08-13,10993.33,296.8,382.4,283.71
2015-08-14,11002.05,297.4,387.9,283.94
2015-08-17,10984.61,299,391.9,281.52
2015-08-18,10958.46,305,398,287.6
2015-08-19,10749.23,296,392.6,275.79
2015-08-20,10513.84,284.3,383.3,274.54
2015-08-21,10243.59,276.7,368.8,267.6
2015-08-24,9581.02,275.6,349.7,248.23
2015-08-25,9851.28,248.2,361,254.99
2015-08-26,9694.36,237.3,357.1,252.68
2015-08-27,9851.28,243,370.1,281.47
2015-08-28,9894.87,252,369.5,299.5
2015-08-31,9877.43,251.8,369.2,327.4
2015-09-01,9685.64,250.6,358.6,301.63
2015-09-02,9746.67,254.4,364.2,306.68
2015-09-03,9860,249.1,373.4,310.64
2015-09-04,9659.49,242.6,364.8,308.45
2015-09-07,9563.59,237.5,365.2,307.775
2015-09-08,9502.56,243.2,371.1,307.1
2015-09-09,9807.69,246,376.1,295.73
2015-09-10,9642.05,240.5,374.8,306.31
2015-09-11,9520,238,372.9,295.5
2015-09-14,9424.1,235.5,367.3,290.36
2015-09-15,9293.33,233.7,370.1,293.89
2015-09-16,9354.36,240.7,370.7,313.31
2015-09-17,9371.79,238.5,371.8,309.37
2015-09-18,9232.31,229.5,367.5,291.94
2015-09-21,9293.33,229.8,378.1,309.57
2015-09-22,9136.41,223.4,365.5,306.5
2015-09-23,9066.67,220.2,371.3,297.59
2015-09-24,8744.1,221.2,361.6,298.09
2015-09-25,8796.41,225.4,372.8,305.72
2015-09-28,8674.36,218.3,370,296.72
2015-09-29,8761.54,219.1,357.3,301.19
2015-09-30,8953.33,221.5,358.2,300.25
2015-10-01,8988.2,228,362.5,299.27
2015-10-02,8935.9,234.7,359.4,304.41
2015-10-05,9075.38,244,366.3,307.16
2015-10-06,9110.25,243.7,367,322.6
2015-10-07,9581.02,253.5,359.7,316.65
2015-10-08,9633.33,255.3,358.3,327.71
2015-10-09,9921.02,269,357.1,325.86
2015-10-12,9711.79,266,363.4,308.96
2015-10-13,9624.61,257.9,357,306.07
2015-10-14,9502.56,261.5,346,304.99
2015-10-15,9328.2,261.8,347,302.52
2015-10-16,9284.61,259.4,360.9,310.34
2015-10-19,9302.05,255.3,370,302.04
2015-10-20,9232.31,257.1,363.5,298.77
2015-10-21,9075.38,253.8,357,296.96
2015-10-22,9127.69,255,358.9,299.23
2015-10-23,8652.56,260.3,373,300.17
2015-10-26,8770.25,258.1,372.5,297.98
2015-10-27,8574.1,252.8,376.7,291.36
2015-10-28,8709.23,256.6,384.4,309.16
2015-10-29,8656.92,254,364,314.27
2015-10-30,8717.95,256.8,360.3,315.39
2015-11-02,8696.15,263.5,363.5,311.94
2015-11-03,8822.56,265.6,368.8,325.5
2015-11-04,9101.54,272.7,371.6,315.98
2015-11-05,8944.61,269,378.5,309.8
2015-11-06,9162.56,271.4,380.1,304.13
2015-11-09,9031.79,271.7,375.1,303.7
2015-11-10,8796.41,261.8,374.4,307.92
2015-11-11,8866.15,268.9,377.6,298.87
2015-11-12,8674.36,251.8,375.5,290.38
2015-11-13,8604.61,250.9,370.7,282.37
2015-11-16,8604.61,249.7,370.7,290.42
2015-11-17,8778.97,255.4,379.5,284.4
2015-11-18,8761.54,255,378.5,285.04
2015-11-19,8848.72,255,379.2,283
2015-11-20,8717.95,254.3,383.1,281.92
2015-11-23,8717.95,256.2,383.1,292.99
2015-11-24,8848.72,254.5,375.6,300.28
2015-11-25,8935.9,258.6,383.1,303.33
2015-11-26,9110.25,257,385.7,298.725
2015-11-27,9075.38,256.1,386,294.12
2015-11-30,9397.95,256.7,386,293.72
2015-12-01,9389.23,257.5,393.7,294.54
2015-12-02,9389.23,256,398.8,280.74
2015-12-03,8892.31,256,388.5,287.12
2015-12-04,8744.1,251.1,389.1,273.52
2015-12-07,8665.64,251.6,389.1,259.87
2015-12-08,8665.64,243.3,391.5,257.33
2015-12-09,8395.38,241.2,389.6,253.4
2015-12-10,8282.05,240.4,388.5,250.63
2015-12-11,8016.15,234.1,388.5,242.7
2015-12-14,8016.15,233.1,378.1,246.66
2015-12-15,8033.59,231.8,384.4,253.58
2015-12-16,7854.87,234.9,386.9,242.42
2015-12-17,7902.82,231,392.3,240.54
2015-12-18,7902.82,233.6,390.7,239.14
2015-12-21,7676.15,233.3,392.1,238.45
2015-12-22,7689.23,235.6,385.6,246.22
2015-12-23,7689.23,245,393.8,256.34
2015-12-28,7806.92,243.1,396.3,250.61
2015-12-29,7802.56,242.8,400.6,258.05
2015-12-30,7802.56,242.8,399.9,249.98
2016-01-04,7750.26,228.9,393.9,251.7
2016-01-05,7750.26,223.9,404.2,249.73
2016-01-06,7663.08,223.9,398.8,235.92
2016-01-07,7353.59,221.1,387.5,228.36
2016-01-08,7057.18,221.1,380.6,227.76
2016-01-11,7044.1,226.5,374.4,215.22
2016-01-12,6991.79,222.3,381.8,209.6
2016-01-13,6983.08,226.9,380,210.27
2016-01-14,7083.33,226.8,374.6,213.74
2016-01-15,6769.49,218.8,361,201.18
2016-01-18,6773.85,214.3,363,198.305
2016-01-19,6843.59,218,367.2,195.43
2016-01-20,6625.64,215.7,354.8,181.68
2016-01-21,6839.23,219.5,367,202.32
2016-01-22,7266.41,234,375.6,222.25
2016-01-25,7214.1,229.7,380.7,209.35
2016-01-26,7283.85,230.6,378.2,216.56
2016-01-27,7301.28,235.8,384.7,221.38
2016-01-28,7453.85,235,372.2,227.37
2016-01-29,7689.23,240.2,379.9,229.76
2016-02-01,7737.18,234.9,380.9,216.8
2016-02-02,7314.36,228.2,377.7,204.22
2016-02-03,7253.33,225.1,349,220.33
2016-02-04,7650,232.1,332.4,211.25
2016-02-05,7750.26,233.3,329,205.79
2016-02-08,7471.28,224,313.7,199.6
2016-02-09,7118.2,215,306.4,185.59
2016-02-10,6865.38,217.1,326.2,182
2016-02-11,6460,218.7,318,172.4
2016-02-12,6913.33,231.2,321.2,194.9
2016-02-15,7440.77,243,339.2,194.515
2016-02-16,7170.51,249.7,331.5,194.13
2016-02-17,7527.95,257,338.5,205.51
2016-02-18,7410.26,255.6,341.5,207.19
2016-02-19,7166.15,247.9,340,199.34
2016-02-22,7436.41,252.9,348.1,213.04
2016-02-23,7314.36,249.8,354.5,216.15
2016-02-24,7083.33,241.2,341,218.48
2016-02-25,7266.41,243.3,349.6,223.78
2016-02-26,7636.92,251.5,356.8,222.19
2016-02-29,7876.67,254.5,356,231.25
2016-03-01,7824.36,254.2,362.2,236.01
2016-03-02,8055.38,250.2,365.9,238.11
2016-03-03,8164.36,261,356.4,236.47
2016-03-04,8316.92,261.3,379.6,244.3
2016-03-07,8325.64,260.2,387,258.15
2016-03-08,7976.92,253.4,381.6,246.96
2016-03-09,7933.33,255.8,377.5,260.36
2016-03-10,7654.36,257,374.9,259.96
2016-03-11,7850.51,261.5,379,258.97
2016-03-14,7854.87,259.7,386,249.4
2016-03-15,7728.46,255.7,378,243.96
2016-03-16,7846.15,254.8,375.8,259.2
2016-03-17,7728.46,260.8,365,264.97
2016-03-18,7924.61,266.2,366.5,260.66
2016-03-21,7802.56,267.7,360.5,263.96
2016-03-22,7846.15,266.3,361.8,275.57
2016-03-23,7693.59,270.9,360.3,265.51
2016-03-29,7545.38,270.9,359.4,254.93
2016-03-30,7719.74,278.5,358,252.21
2016-03-31,7488.72,274.5,355.2,250.93
2016-04-01,7371.02,276.5,357.4,239.76
2016-04-04,7357.95,275.9,366.3,233.59
2016-04-05,7140,267.6,362.7,234.98
2016-04-06,7105.13,262.9,367.2,247.8
2016-04-07,7100.77,257.3,370,244
2016-04-08,7331.79,262.1,367.8,260.13
2016-04-11,7458.2,261.7,366.2,263.72
2016-04-12,7375.38,260.9,364.2,275.44
2016-04-13,7440.77,264.3,367.5,275.11
2016-04-14,7676.15,266,367.6,274.46
2016-04-15,7715.38,262.9,367.8,266.16
2016-04-18,7719.74,263.2,370.6,261.84
2016-04-19,8046.67,273.4,377.8,269.53
2016-04-20,8242.82,276.3,372.4,278.84
2016-04-21,8369.23,277,376.7,282.96
2016-04-25,8142.56,268.5,371.5,281.71
2016-04-26,8090.26,266.1,362,290.36
2016-04-27,8177.43,258.4,362.9,298.49
2016-04-28,7955.13,254.3,371,301.65
2016-04-29,7968.2,252.4,362.9,299.77
2016-05-02,7776.41,251,358.8,289.94
2016-05-03,7584.61,246.2,353.6,280.8
2016-05-04,8068.46,244.2,349.5,283.13
2016-05-09,7776.41,240.9,358,283.6
2016-05-10,7654.36,245.2,359.6,292.09
2016-05-11,7602.05,245.7,358.4,301.51
2016-05-12,7593.33,244.6,354.7,305.1
2016-05-13,7510.51,241.3,357,302.95
2016-05-17,7763.33,248.9,359.5,317.51
2016-05-18,7680.51,240,360.4,317.76
2016-05-19,7532.31,239,357,319.86
2016-05-20,7693.59,240.4,359.1,316.53
2016-05-23,7619.49,241.4,355.9,318.84
2016-05-24,7619.49,241.5,364.4,323.75
2016-05-25,7510.51,241.8,377.2,330.68
2016-05-26,7584.61,241.1,372.1,329.48
2016-05-27,7436.41,241,371,328.48
2016-05-30,7480,241,373.8,327.94
2016-05-31,7506.15,240.9,371.8,327.4
2016-06-01,7532.31,237.8,375.5,326.26
2016-06-02,7497.43,241,371.5,326.91
2016-06-03,7392.82,241.4,370.7,324.23
2016-06-06,7497.43,244.4,373.6,325.65
2016-06-07,7846.15,243.8,375.6,330.01
2016-06-08,7833.08,241,372.3,334.83
2016-06-09,7562.82,240.7,374.7,331.46
2016-06-10,7349.23,239.6,364.5,322.77
2016-06-13,7196.67,233.5,363.2,322.55
2016-06-14,6865.38,232,343,321.21
2016-06-15,7009.23,234.5,344.2,317.88
2016-06-16,6817.44,226.3,338.4,307.5
2016-06-17,6935.13,234,337.5,317.03
2016-06-20,7031.02,245,341,323.96
2016-06-21,7078.97,248,344.4,321.05
2016-06-22,7122.56,250,347.7,323.89
2016-06-23,7968.2,256.7,348.2,327.33
2016-06-24,7724.1,240,345.1,320.17
2016-06-27,7061.54,233,341.9,313.29
2016-06-28,7183.59,238.3,347.5,321.45
2016-06-29,7510.51,241,355.1,334.53
2016-06-30,7588.97,237.9,358.1,323.85
2016-07-01,7754.61,247,363.5,327.24
2016-07-04,7750.26,245.2,367.7,319.15
2016-07-05,7418.97,237,366.4,311.06
2016-07-06,7109.49,231.6,359.1,318.85
2016-07-07,7432.05,238.8,365.8,303.15
2016-07-08,7545.38,242.8,367.2,305.25
2016-07-11,7584.61,248.5,372.7,301.28
2016-07-12,7650,259.5,373.2,313.82
2016-07-13,7545.38,263.3,372.6,300.62
2016-07-14,7567.18,262.2,370.6,304.53
2016-07-15,7388.46,265.6,371.9,307.11
2016-07-18,7292.56,260.9,372.2,304.47
2016-07-19,7292.56,261.5,370.8,300.99
2016-07-20,7436.41,265.3,373.4,303.53
2016-07-21,7423.33,265.5,372.6,302.22
2016-07-22,7410.26,268,375,298.46
2016-07-25,7410.26,267.6,370.5,292.17
2016-07-26,7418.97,269.7,381.2,290.35
2016-07-27,7545.38,268.6,377.8,283.73
2016-07-28,7772.05,267.4,377.9,275.99
2016-07-29,7872.31,267.5,379.1,278.41
2016-08-01,7754.61,266.4,380.9,266.93
2016-08-02,7671.79,263.5,370.5,262.59
2016-08-03,7671.79,264.6,366.6,271.18
2016-08-04,7776.41,264.4,367,280.07
2016-08-05,7911.54,266.2,330,278.66
2016-08-08,7898.46,261.6,318,288.57
2016-08-09,8020.51,262.6,324.5,287.12
2016-08-10,7950.77,260.7,318.4,277.41
2016-08-11,7902.82,244.7,312,290.06
2016-08-12,8151.28,240.9,307,296.65
2016-08-15,8081.54,240.6,311.2,304.41
2016-08-16,8042.31,246.7,309.8,306.81
2016-08-17,7924.61,244.2,309.3,308.78
2016-08-18,8146.92,251,309.5,316.97
2016-08-19,8303.84,250.5,308.7,318.8
2016-08-22,8316.92,248.1,314.4,309.7
2016-08-23,8552.31,252.2,312.2,315.7
2016-08-24,8674.36,250.3,314.4,308.94
2016-08-25,8565.38,250.2,311.6,312.07
2016-08-26,8648.2,252.2,310.8,314.2
2016-08-29,8704.87,251,313.2,313.14
2016-08-30,8717.95,247.3,316,308.98
2016-08-31,8696.15,246.2,312.7,298.88
2016-09-01,8822.56,249.7,307.5,288.17
2016-09-02,8857.43,253.5,304.8,295.41
2016-09-05,9014.36,256,307.3,297.18
2016-09-06,8770.25,257.4,302.9,298.95
2016-09-07,8857.43,259.5,303.8,301.42
2016-09-08,8848.72,257.5,302.6,313.77
2016-09-09,8935.9,250.1,296.1,303.05
2016-09-12,8796.41,248.4,298.3,306.93
2016-09-13,8944.61,249.9,302.3,297.17
2016-09-14,8979.49,253.8,305.3,289.19
2016-09-15,8979.49,252.5,304.6,290.53
2016-09-16,8735.38,247.4,307.5,285.45
2016-09-19,8778.97,249.6,308.8,288.94
2016-09-20,8674.36,250.6,308.7,289.45
2016-09-21,8630.77,251.6,307.7,303.13
2016-09-22,8927.18,259.1,304,307.25
2016-09-23,8613.33,256.5,296.8,295.71
2016-09-26,8417.18,252.3,296.2,303.99
2016-09-27,8312.56,247.4,288.7,296.61
2016-09-28,8386.67,245.9,290,312.32
2016-09-29,8465.13,249.8,280,317.66
2016-09-30,8473.84,249.2,275.4,322.06
2016-10-03,8421.54,252.8,271.5,323.47
2016-10-04,8486.92,253.2,271.7,324.65
2016-10-05,8556.67,250.3,277.7,330.77
2016-10-06,8530.51,259,273.5,335.57
2016-10-07,8377.95,254.3,270.3,332.69
2016-10-10,8460.77,255.8,270.7,336.91
2016-10-11,8452.05,257,268.9,341.13
2016-10-12,8486.92,259.3,267.4,338.78
2016-10-13,8268.97,251,265.7,339.96
2016-10-14,8543.59,256.5,270.5,340.48
2016-10-17,8452.05,254.9,272.6,337.96
2016-10-18,8526.15,254,275.3,340.39
2016-10-19,8735.38,255.9,276.3,349.71
2016-10-20,8874.87,258.4,278.2,341.72
2016-10-21,8935.9,257.5,283.6,347.45
2016-10-24,9031.79,265,282.1,345.09
2016-10-25,8935.9,259.5,276.9,341.83
2016-10-26,9084.1,255,275,334.85
2016-10-27,9057.95,250.6,279.3,338.42
2016-10-28,9066.67,246.1,237.5,331.66
2016-10-31,9066.67,246.2,242.4,318.48
2016-11-01,8822.56,241.3,241.2,314.9
2016-11-02,8190.51,237,237.9,304.02
2016-11-03,8238.46,240,236.8,300.34
2016-11-04,8221.02,239,229.3,295.62
2016-11-07,8500,242.4,230.1,301.95
2016-11-08,8312.56,241.8,225.3,303.26
2016-11-09,7946.41,268.5,234.5,305.65
2016-11-10,8029.23,278.4,230.9,305.03
2016-11-11,7663.08,278.5,228.5,302.095
2016-11-14,7820,292.1,228.7,299.16
2016-11-15,7889.74,291.9,231.6,316.75
2016-11-16,7859.23,289.5,230.8,316.89
2016-11-17,7820,291,229.8,315.4
2016-11-18,7872.31,285,229.2,319.81
2016-11-21,7859.23,284,227.3,332.39
2016-11-22,8024.87,292,224,336.57
2016-11-23,8064.1,295,220.7,336.55
2016-11-24,7920.26,294.5,221,330
2016-11-25,8046.67,291.4,225.5,323.45
2016-11-28,8029.23,289.2,229,330.77
2016-11-29,8155.64,289,230.1,318.14
2016-11-30,8116.41,287.8,238,345.89
2016-12-01,8661.28,288.9,235.9,357.48
2016-12-02,8639.49,284.8,237.6,361.29
2016-12-05,8805.13,285.8,239,360.02
2016-12-06,8744.1,284.8,239.9,352.93
2016-12-07,8822.56,284.8,243,345
2016-12-08,9214.87,288.2,243.8,351.42
2016-12-09,9232.31,290.5,253.9,362.72
2016-12-12,9084.1,288,250.8,370.8
2016-12-13,9450.25,286.7,251.6,371.36
2016-12-14,9807.69,293.9,248.2,356.57
2016-12-15,10069.23,296.8,254.4,363.22
2016-12-16,10043.08,294.3,255.3,369.6
2016-12-19,9851.28,290.7,254.5,371.79
2016-12-20,9982.05,290,254.8,374.66
2016-12-21,9903.59,294.6,253.5,374.46
2016-12-22,9964.61,291.6,254.3,376.91
2016-12-23,9938.46,290.4,255,377.33
2016-12-27,9886.15,294,254.8,383.68
2016-12-28,9894.87,292.7,255.2,386.44
2016-12-29,9955.9,294,256,382.39
2016-12-30,9825.13,293,254.7,378.88
2017-01-02,10165.13,299.4,259,376.74
2017-01-03,10252.31,314.3,258.6,374.6
2017-01-04,10121.54,307.1,256,379.37
2017-01-05,10391.79,309.1,259.2,380.59
2017-01-06,10609.74,309.1,257,379.05
2017-01-09,10444.1,306.1,256.1,367.31
2017-01-10,10147.69,320.6,254,357.52
2017-01-11,10348.2,326.6,255.3,369.82
2017-01-12,10435.38,317.4,245.1,369.03
2017-01-13,10444.1,321.3,250.3,365.23
2017-01-16,10339.49,321.9,252.2,365.255
2017-01-17,10409.23,312.9,249.9,365.28
2017-01-18,9964.61,311.7,250.5,356.19
2017-01-19,10130.25,315.6,250.5,358.07
2017-01-20,10086.67,316.9,248.8,366.62
2017-01-23,10034.36,319,243.8,366.09
2017-01-24,10008.2,318,240,367.93
2017-01-25,10339.49,326.8,242.4,365.15
2017-01-26,10313.33,323.3,245.7,373.78
2017-01-27,10130.25,329.8,248.6,370.21
2017-01-30,10077.95,321.4,248,368.24
2017-01-31,10016.92,319.8,247.4,365.19
2017-02-01,10234.87,325,249.5,371.37
2017-02-02,9929.74,327,231.3,368.45
2017-02-03,10034.36,325,232.4,372.75
2017-02-06,10130.25,320.9,232.5,368.04
2017-02-07,10147.69,321.4,233.5,363.37
2017-02-08,9642.05,314.6,233,364.85
2017-02-09,10043.08,340.5,240.2,368.54
2017-02-10,10409.23,353,241.4,376.72
2017-02-13,10566.15,356.1,241.7,370.29
2017-02-14,10548.72,354.9,241.7,372.39
2017-02-15,10635.9,353.6,241.7,374.09
2017-02-16,10670.77,353,246.4,372.4
2017-02-17,10435.38,349.4,247,372.72
2017-02-20,10435.38,349.5,246,377.045
2017-02-21,10400.51,352.5,249.7,381.37
2017-02-22,10313.33,350.8,249.4,378.91
2017-02-23,10077.95,347.9,248.8,382.82
2017-02-24,9851.28,341.9,249.3,378.34
2017-02-27,10016.92,344,249.5,379.49
2017-02-28,9973.33,344,249.2,378.85
2017-03-01,10217.43,348,245.9,379.89
2017-03-02,10287.18,350.8,245.8,371.96
2017-03-03,10086.67,343.6,243.3,375.24
2017-03-06,10200,342,238.4,373.37
2017-03-07,10138.97,345.2,235,373.53
2017-03-08,10339.49,354.5,232.6,354.07
2017-03-09,10156.41,351.8,233.1,347.2
2017-03-10,10278.46,353.5,235.4,339.84
2017-03-13,10461.54,358.3,235.4,337.44
2017-03-14,10330.77,358.6,236.9,333.69
2017-03-15,10435.38,366.7,234.9,341.95
2017-03-16,10540,369.7,236,337.89
2017-03-17,10583.59,382.5,235.6,337.75
2017-03-20,10496.41,389.5,237.4,333.42
2017-03-21,10226.15,380.8,234.7,325.86
2017-03-22,10025.64,377.3,233.5,330.6
2017-03-23,10025.64,378.4,234.2,328.83
2017-03-24,10069.23,381.2,231.6,330.21
2017-03-27,9860,369.9,233.5,326.14
2017-03-28,9955.9,373,235.1,331.43
2017-03-29,9833.84,372.8,236,342.77
2017-03-30,10243.59,376.2,236.4,348.82
2017-03-31,10086.67,373,239.5,352.03
2017-04-03,9990.77,373.3,238.9,350.49
2017-04-04,10060.51,374.1,250.7,356.34
2017-04-05,10226.15,379.6,251.1,356.17
2017-04-06,10200,386,248,360.39
2017-04-07,10322.05,383.3,247.4,365.45
2017-04-10,10374.36,380.6,251.8,373.15
2017-04-11,10383.08,382.6,252.2,374.1
2017-04-12,10435.38,380.3,253.5,372.44
2017-04-18,10086.67,371.5,252.4,364.94
2017-04-19,10112.82,374.6,253,349.85
2017-04-20,10138.97,377.1,252.4,347.99
2017-04-21,10025.64,376,249.7,344.94
2017-04-24,10165.13,390.1,250,337.59
2017-04-25,10156.41,406.4,253.7,338.54
2017-04-26,10200,408.6,256.4,338.88
2017-04-27,10147.69,405.5,265.8,334.78
2017-04-28,10295.9,410.7,265.7,335.71
2017-05-01,10104.1,408.9,261.6,330.225
2017-05-02,10208.72,415.5,264.7,324.74
2017-05-03,10034.36,406,282.6,325.71
2017-05-04,9982.05,397.5,281,309.79
2017-05-05,10095.38,386.8,278,313.6
2017-05-08,10147.69,388.5,277.5,315.76
2017-05-09,10077.95,403.9,273.8,313.49
2017-05-10,10226.15,407.7,275.2,323.63
2017-05-11,10618.46,398.7,274.9,327.68
2017-05-15,11002.05,397.5,274.4,331.22
2017-05-16,10984.61,396.6,274.9,327.34
2017-05-17,10766.67,382.6,269.2,328.41
2017-05-18,10757.95,384.8,270.8,329.98
2017-05-19,10723.08,394.7,272.4,335.01
2017-05-22,10766.67,391.9,277.1,335.85
2017-05-23,10749.23,397,277.3,341.63
2017-05-24,10880,397.3,277,341.46
2017-05-29,10880,404.5,276.6,336.065
2017-05-30,10932.31,405,280.8,330.67
2017-05-31,10993.33,403.1,281.4,320.37
2017-06-01,11045.64,398.8,284.4,320.68
2017-06-02,11228.72,399,291.5,316.09
2017-06-06,11028.2,399.9,287.5,318.4
2017-06-07,10941.02,402.4,281.9,303.2
2017-06-08,10845.13,400.8,282.4,302.33
2017-06-09,10993.33,410.5,284.9,305.01
2017-06-12,10923.59,401.5,288.4,305.4
2017-06-13,10984.61,410.5,290.9,308.02
2017-06-14,11002.05,404,292,296.91
2017-06-15,10984.61,395.7,285.2,296.08
2017-06-16,11158.97,407.2,285,297.92
2017-06-19,11315.9,422.4,290.8,293.53
2017-06-20,11132.82,414.5,290.5,288.22
2017-06-21,11097.95,426.6,290.4,283.87
2017-06-22,11071.79,426.7,292.2,284.66
2017-06-23,11028.2,428,294,286.29
2017-06-26,11237.43,433.9,294.3,288.36
2017-06-27,11185.13,420.2,287.9,291.68
2017-06-28,11394.36,418.2,283.9,292.5
2017-06-29,11315.9,413,277.2,292.76
2017-06-30,11411.79,411.4,278.8,300.02
2017-07-03,11577.43,411.2,279,298.766666666667
2017-07-04,11516.41,408.9,277.4,297.513333333333
2017-07-05,11446.67,408.9,277,296.26
2017-07-06,11437.95,409,274.8,297.35
2017-07-07,11490.25,410.5,273.3,288.24
2017-07-10,11952.31,412.2,274,289.97
2017-07-11,12152.82,410.4,272.5,293.68
2017-07-12,12030.77,412.6,278.5,295.49
2017-07-13,11934.87,414.7,276.2,300.15
2017-07-14,12030.77,410.3,277.7,303.19
2017-07-17,12091.79,415.2,279.7,298.58
2017-07-18,12240,405.7,275.8,298.64
2017-07-19,12318.46,406.2,274.9,303.85
2017-07-20,12205.13,403.2,278.1,302.97
2017-07-21,11865.13,389.2,273.3,292.37
2017-07-24,11865.13,390,267.3,295.83
2017-07-25,11917.43,393,268.5,304.53
2017-07-26,11882.56,390,267.3,311.36
2017-07-27,12013.33,389.2,264,311.85
2017-07-28,11926.15,381.8,265,315.17
2017-07-31,11961.02,384.5,268.1,318.14
2017-08-01,12039.49,392.7,266.8,309.52
2017-08-02,11847.69,394,265.9,311.84
2017-08-03,11560,392.6,267.2,307.5
2017-08-04,11594.87,390.7,266.2,310.76
2017-08-07,11594.87,394.5,263,311.42
2017-08-08,11734.36,395,261.9,309.59
2017-08-09,11673.33,379.2,282.5,314.28
2017-08-10,11446.67,374.6,280.8,308.06
2017-08-11,11315.9,365.4,289.7,308.61
2017-08-14,11525.13,366.1,287.6,300
2017-08-15,11403.08,362.6,289,301.12
2017-08-16,11673.33,367.4,286,297.09
2017-08-17,11202.56,371.8,292,299.34
2017-08-18,11158.97,371.1,286.4,307.27
2017-08-21,11481.54,369.9,287.6,299.55
2017-08-22,11751.79,383.7,291.3,301.02
2017-08-23,11612.31,392.5,287.9,305.14
2017-08-24,11359.49,393,288,298.81
2017-08-25,11333.33,400.6,289,301.59
2017-08-28,11193.84,395.3,290.7,290.52
2017-08-29,11106.67,387.5,288.3,286.75
2017-08-30,11193.84,386.4,291.2,286.93
2017-08-31,11228.72,393.4,298,297.1
2017-09-01,11002.05,400,298.4,295.08
2017-09-04,10993.33,399.1,297,299.745
2017-09-05,10784.1,403,295.8,304.41
2017-09-06,10583.59,403.5,299,306.53
2017-09-07,10731.79,410,299,305.06
2017-09-08,10566.15,413.1,296.9,292.92
2017-09-11,10853.84,413.5,301.6,298.1
2017-09-12,10880,411.5,301.6,300.7
2017-09-13,10592.31,407,304,306.21
2017-09-14,10714.36,408.2,302.6,312.31
2017-09-15,10365.64,405.4,300.5,310.31
2017-09-18,10400.51,408.8,302,310.85
2017-09-19,10348.2,419.5,301.6,307.55
2017-09-20,10252.31,417.2,303.4,312.41
2017-09-21,10304.61,417.2,306.4,315.94
2017-09-22,10548.72,418.5,305.8,315.15
2017-09-25,10880,414,308.6,327.4
2017-09-26,10670.77,413.8,303.6,327.49
2017-09-27,10470.25,419.3,305.3,330.46
2017-09-28,10557.43,419,303.5,325.7
2017-09-29,10426.67,416.3,301,325.72
2017-10-02,10461.54,416.6,309.9,320.51
2017-10-03,10252.31,417.2,308.1,319.27
2017-10-04,10121.54,416.4,312.1,315.59
2017-10-05,10086.67,418.3,309.7,321.92
2017-10-06,10069.23,413.2,311.2,313.36
2017-10-09,10034.36,417,311.5,314.17
2017-10-10,10034.36,413,306.9,321.26
2017-10-11,10383.08,415.6,308.8,322.76
2017-10-12,10461.54,416,307.6,317.69
2017-10-13,10330.77,415,297.8,324.29
2017-10-16,10313.33,415.5,312.7,327.13
2017-10-17,10383.08,416.9,311.3,328.42
2017-10-18,10417.95,421.9,317.8,329.71
2017-10-19,10226.15,417.7,319.5,322.63
2017-10-20,10252.31,422.1,318.7,324.19
2017-10-23,10182.56,428.9,319.3,329.07
2017-10-24,10104.1,429.3,317.1,332.07
2017-10-25,10200,428.9,317.9,329.55
2017-10-26,10348.2,429.8,312.5,333.37
2017-10-27,10487.69,432,318.3,345.59
2017-10-30,10801.54,433.9,318.5,346.99
2017-10-31,10696.92,438,317.8,347.7
2017-11-01,10705.64,438,318.8,347.98
2017-11-02,10723.08,430.8,317.3,348.54
2017-11-03,10522.56,429.7,316.6,355.22
2017-11-06,10531.28,430,319.8,368.24
2017-11-07,9781.54,432.7,317.8,368.19
2017-11-08,10008.2,424.2,319.9,364.85
2017-11-09,9764.1,387.8,314.7,365.84
2017-11-10,9441.54,385.4,317.8,362.33
2017-11-13,9136.41,371.6,315.7,362.38
2017-11-14,9031.79,360.5,315.5,352.9
2017-11-15,9101.54,355.1,313.7,347.8
2017-11-16,9136.41,365.5,319.7,348.6
2017-11-17,8953.33,370.5,320.8,356.75
2017-11-20,9031.79,368,325.8,354.29
2017-11-21,8935.9,366.5,328.6,360.89
2017-11-22,8901.02,365.9,327.8,367.51
2017-11-23,8840,356.5,328.3,365.623333333333
2017-11-24,9066.67,339.5,325.7,363.736666666667
2017-11-27,9014.36,343.4,322.7,361.85
2017-11-28,9153.84,347.4,324.3,363.03
2017-11-29,9502.56,345,322,360.57
2017-11-30,9781.54,344.2,322.8,360.49
2017-12-01,9729.23,329.7,326.1,365.43
2017-12-04,9737.95,339,323.1,360.46
2017-12-05,9563.59,342,318,361.93
2017-12-06,9511.28,340,328.7,352.42
2017-12-07,9441.54,341,325.6,357.93
2017-12-08,9267.18,335.5,329,363.53
2017-12-11,9258.46,334.5,329.8,365.92
2017-12-12,9293.33,333.4,337.5,361.43
2017-12-13,9275.9,343,337.3,358.96
2017-12-14,9197.43,340.2,336.4,358.43
2017-12-15,9118.97,339.7,329.5,361.31
2017-12-18,9249.74,339.7,335,360.74
2017-12-19,9275.9,352.9,332.3,361.76
2017-12-20,9127.69,350.7,331.5,365.08
2017-12-21,9162.56,356.3,334.9,366.37
2017-12-22,9180,359.7,335.8,367.22
2017-12-27,9275.9,358.7,334.6,373.28
2017-12-28,9336.92,358.5,334.6,373.34
2017-12-29,9450.25,361.3,334.5,375.07
2018-01-02,9554.87,368.3,333.95,372.46
2018-01-03,9502.56,372.1,338,381.59
2018-01-04,9785.9,378.5,335.55,382.65
2018-01-05,9851.28,379.2,338.35,379.8
2018-01-08,10117.18,381.2,339.75,383.94
2018-01-09,9964.61,385.5,341.85,392.94
2018-01-10,9690,377.3,340.3,394.76
2018-01-11,9816.41,371.5,338.5,395.39
2018-01-12,9820.77,370.5,336.55,394.62
2018-01-15,9807.69,361.6,334.75,391.395
2018-01-16,9755.38,362,339,388.17
2018-01-17,9659.49,362.1,342,390.38
2018-01-18,9707.43,361.1,342,389.26
2018-01-19,9559.23,366.4,349.5,385
2018-01-22,9585.38,364.8,350.3,386.17
2018-01-23,9803.33,365,351.95,391.77
2018-01-24,10112.82,358.3,347.65,395.46
2018-01-25,9938.46,358.2,343.75,393.07
2018-01-26,9890.51,363.1,347.6,395.84
2018-01-29,9790.25,360,345.55,394.17
2018-01-30,9467.69,350.6,341.25,386.43
2018-01-31,9328.2,353.4,333.4,386.7
2018-02-01,9214.87,354.8,309,393.08
2018-02-02,9127.69,345,302.85,389.96
2018-02-05,9097.18,342,304.7,383.84
2018-02-06,8992.56,344.3,294.6,382.68
2018-02-07,9123.33,371.8,304.05,372.75
2018-02-08,9031.79,380,300.7,371.44
2018-02-09,9005.64,376.6,299.35,359.05
2018-02-12,9367.43,388.3,306,360
2018-02-13,9171.28,392.4,301.6,357.49
2018-02-14,9210.51,391.2,303.35,365.56
2018-02-15,9197.43,385,305.2,365.76
2018-02-16,9450.25,392.7,313.45,368.58
2018-02-19,9502.56,385.2,308.05,371.075
2018-02-20,9210.51,393.9,309.55,373.57
2018-02-21,8805.13,405.7,314,373.05
2018-02-22,8608.1,417.1,320.55,380.74
2018-02-23,8752.82,417.3,323.7,384.79
2018-02-26,8826.92,421.2,329.2,386.26
2018-02-27,8857.43,417.7,323,381.41
2018-02-28,8739.74,416.7,316.6,375.8
2018-03-01,8778.97,413.5,308.2,373.17
2018-03-02,8388.41,406.1,303.85,370.52
2018-03-05,8334.36,406.6,304.5,378.6
2018-03-06,8444.2,418.4,303.65,375.74
2018-03-07,8259.38,415.4,302.7,366.9
2018-03-08,8168.72,423.8,307.15,360.62
2018-03-09,8153.02,418.3,306.65,376.02
2018-03-12,8172.2,416.7,306.85,371.57
2018-03-13,8200.1,408,302.15,365.33
2018-03-14,8182.67,407.6,302.1,367.14
2018-03-15,8229.74,407.5,305.4,369.32
2018-03-16,8395.38,404.4,305.1,377.49
2018-03-19,8250.67,395,305.25,375.54
2018-03-20,8118.15,401.8,304,384.68
2018-03-21,8215.79,398.9,304.75,395.11
2018-03-22,8147.79,393.8,298.1,388.87
2018-03-23,8090.26,395.8,295.85,397.43
2018-03-26,8194.87,393.9,293.25,393.39
2018-03-27,8053.64,395.4,293.6,392.73
2018-03-28,8146.05,388.7,297.5,386.93
2018-04-03,8107.69,389.5,296.7,384.38
2018-04-04,8034.46,382.3,291.75,384.57
2018-04-05,8217.54,390.1,298.2,385.97
2018-04-06,8153.02,377.7,296.9,377.79
2018-04-09,8252.41,378,300.8,383.84
2018-04-10,8217.54,388,305.55,394.66
2018-04-11,8107.69,381.7,300.85,401.7
2018-04-12,8154.77,364.3,301.7,405.21
2018-04-13,7994.36,371.7,296.1,407.43
2018-04-16,7846.15,367.8,296.75,398.68
2018-04-17,7809.54,376.9,295.8,400.91
2018-04-18,7846.15,377.2,293.1,411.65
2018-04-19,8050.15,384.6,287.55,410.76
2018-04-20,8320.41,379.6,284.2,413.74
2018-04-23,8271.59,380.1,285.2,417.72
2018-04-24,8264.61,379.1,288.65,412.85
2018-04-25,8203.59,376.1,285.3,416
2018-04-26,8374.46,376.1,289,417.55
2018-04-30,8679.59,382.4,291.8,422.93
2018-05-01,8748.46,383.7,294.3,422.175
2018-05-02,8712.72,410,307,421.42
2018-05-03,8630.77,428.5,300,425.1
2018-05-04,8583.69,413.7,297.25,433.92
2018-05-07,8658.67,419.7,301.1,442.65
2018-05-08,9036.15,422.7,305.45,433.46
2018-05-09,9184.36,428,300.2,446.13
2018-05-14,8896.67,417,313.55,441.02
2018-05-15,8879.23,425.2,304.5,447.03
2018-05-16,8848.72,423.4,308.35,451.89
2018-05-17,8065.84,430,309.6,451.05
2018-05-18,7879.28,422.9,306.8,450.65
2018-05-22,8278.56,435,308.3,455.49
2018-05-23,8386.67,432.5,305.55,457.1
2018-05-24,8196.61,432.5,303.7,449.15
2018-05-25,8294.25,434.2,304.6,433.07
2018-05-28,8240.2,432,305.95,431.39
2018-05-29,8172.2,431,303.25,429.71
2018-05-30,8226.25,431,302.2,436.47
2018-05-31,8306.46,426.8,302.45,426.55
2018-06-01,8765.9,434.5,304.95,419.83
2018-06-04,8716.2,441.8,300,410.63
2018-06-06,8602.87,435.4,294.75,409.54
2018-06-07,8540.1,434.3,290.45,415.02
2018-06-08,8358.77,431.9,285.55,416.54
2018-06-11,8301.23,433.5,283.9,417.63
2018-06-12,8372.72,431.4,280.5,419.41
2018-06-13,8543.59,431,282.8,422.04
2018-06-14,8658.67,433.1,285.9,424.83
2018-06-15,8501.74,427.8,286.85,418
2018-06-18,8247.18,423.6,287.5,422.44
2018-06-19,7933.33,412.7,288,420.46
2018-06-20,8039.69,412.4,288.55,426.24
2018-06-21,7987.38,398.2,299.2,423.3
2018-06-22,7767.69,393,301,438.79
2018-06-25,7560.2,385,300.35,433.6
2018-06-26,7350.97,384,295,450.24
2018-06-27,7347.49,384.1,294.25,466.7
2018-06-28,7164.41,374,291.5,472.47
2018-06-29,6929.02,381.9,296,474.01
2018-07-02,6887.18,375,298.95,473.3
2018-07-03,6936,377.2,302.35,470.243333333333
2018-07-04,6937.74,370.7,306.7,467.186666666667
2018-07-05,6740.72,378.5,304.4,464.13
2018-07-06,6686.67,369.4,306.9,469.14
2018-07-09,6869.74,374,308.65,466.9
2018-07-10,6796.51,377.6,314.7,471.6
2018-07-11,6625.64,372.4,310.9,447.05
2018-07-12,6806.97,377.5,316.65,449.77
2018-07-13,6998.77,376.5,316.75,454.71
2018-07-16,6831.38,375.5,315.9,432.92
2018-07-17,7037.13,384.4,318.75,433.47
2018-07-18,7206.26,386.7,321.55,441.45
2018-07-19,7453.85,385.1,318.1,446.79
2018-07-20,7466.05,384.6,320.75,449.93
2018-07-23,7276,385.1,321.55,431.75
2018-07-24,7350.97,392.9,324.25,436.1
2018-07-25,7469.54,394.2,323.1,441.73
2018-07-26,7621.23,407,329.25,442.74
2018-07-27,7715.38,411.5,325.8,440.21
2018-07-30,7671.79,412.9,323,447.12
2018-07-31,7987.38,419.4,318.15,436.48
2018-08-01,7800.82,413.8,315.65,431.06
2018-08-02,7636.92,407,317,442.33
2018-08-03,7514.87,399.3,320.4,440.48
2018-08-06,7333.54,410.7,320,445.52
2018-08-07,7806.05,414.9,322.9,444.28
2018-08-08,8184.41,403,303.65,430.52
2018-08-09,8247.18,420.4,304.5,429.72
2018-08-10,7952.51,404.1,305,440.07
2018-08-13,7703.18,397,308.3,439.25
2018-08-14,7579.38,391.3,319.3,438.15
2018-08-15,7420.72,376.3,313.9,428.23
2018-08-16,7528.82,380.5,313.95,429.34
2018-08-17,7666.56,382.5,310,431.52
2018-08-20,7886.26,389,312.95,433.87
2018-08-21,7901.95,392,317.7,436.72
2018-08-22,8072.82,390.3,316,435.74
2018-08-23,7942.05,392.1,316.5,436.95
2018-08-24,8147.79,387.7,315.85,442.35
2018-08-27,8329.13,397.2,317.85,441.54
2018-08-28,8636,406.2,317.35,436.43
2018-08-29,8662.15,406,317.95,444.55
2018-08-30,8792.05,405,317.25,448.03
2018-08-31,8641.23,399,314.75,446.67
2018-09-03,8386.67,394.8,312.75,448.58
2018-09-04,8135.59,388.4,314.5,450.49
2018-09-05,7980.41,385.1,306.5,442.38
2018-09-06,8069.33,383.7,306.85,434.37
2018-09-07,7954.26,375.6,309.15,435.02
2018-09-10,7891.49,379.7,311.55,435.32
2018-09-11,7647.38,374.4,310.05,446.32
2018-09-12,7814.77,375.4,314.35,453.1
2018-09-13,7865.33,377.2,312.15,440.32
2018-09-14,7748.51,383,308,440.27
2018-09-17,7701.43,378.3,303.2,440.43
2018-09-18,7973.43,383.1,301.35,445.5
2018-09-19,8102.46,390.1,300.15,454.73
2018-09-20,8078.05,396.8,298.5,448.73
2018-09-21,8221.02,398.3,301.5,449.01
2018-09-24,8125.13,388.7,300.8,456.72
2018-09-25,8098.97,384.2,306.8,457.83
2018-09-26,8011.79,384.7,302.35,454.8
2018-09-27,7987.38,399,303.7,459.51
2018-09-28,7863.59,399.7,302.4,471.83
2018-10-01,7889.74,390,299.75,483.73
2018-10-02,8024,390.8,302.9,485.94
2018-10-03,7962.97,395.3,303.05,493.39
2018-10-04,7635.18,390.3,281.1,481.88
2018-10-05,7344,381.9,286.05,481.92
2018-10-08,7314.36,369.6,278.45,482.83
2018-10-09,7392.82,366,277,488.97
2018-10-10,7157.43,357,274.3,474.65
2018-10-11,7187.08,345.5,267.3,457.42
2018-10-12,7242.87,347.9,273.35,459.84
2018-10-15,7286.46,351.6,273.05,462.44
2018-10-16,7462.56,366.9,276.35,463.09
2018-10-17,7356.2,366,279.7,451.31
2018-10-18,7399.79,362.1,283.25,445.17
2018-10-19,7192.31,350.7,282.15,449.58
2018-10-22,7159.18,352.8,280,448.95
2018-10-23,6796.51,343.4,275.9,431.78
2018-10-24,6939.49,342,280.5,437.7
2018-10-25,6969.13,339.7,274.65,440.04
2018-10-26,6834.87,325.8,275,444.49
2018-10-29,7176.61,339.4,280.85,439.51
2018-10-30,7040.61,343.4,279.95,434.22
2018-10-31,7291.69,345.9,284.9,430.56
2018-11-01,7596.82,348.4,287.6,417.05
2018-11-02,7690.97,354.3,286.25,412.58
2018-11-05,7527.08,350,283.7,413.99
2018-11-06,7439.9,352.8,281.15,406.06
2018-11-07,7412,370.9,288.9,400.49
2018-11-08,7570.67,361.8,292.85,396.16
2018-11-09,7551.49,353.4,295.5,395.72
2018-11-12,7568.92,350.9,297.45,396.86
2018-11-13,7610.77,354.6,292.9,368.99
2018-11-14,7589.85,354.5,294.65,371.59
2018-11-15,7506.15,346.2,284.5,372.68
2018-11-16,7645.64,350.6,288.7,371.31
2018-11-19,7670.05,346.4,295.15,370.68
2018-11-20,7513.13,336.2,289,349.12
2018-11-21,7558.46,337.6,289.5,357.29
2018-11-22,7670.05,336.6,286.5,351.196666666667
2018-11-23,7731.08,331.4,297,345.103333333333
2018-11-26,8102.46,344.5,304.85,339.01
2018-11-27,8299.49,336.8,301.2,339.63
2018-11-28,8318.67,335.8,300.1,332.54
2018-11-29,8456.41,337.5,299.1,337.17
2018-11-30,8177.43,330.2,306,334.58
2018-12-03,8346.56,345.7,303,348.68
2018-12-04,8100.72,333.8,304.2,348.31
2018-12-05,8008.31,329.8,301,343.435
2018-12-06,7636.92,313,296,338.56
2018-12-07,7758.97,315,300.25,345.34
2018-12-10,7474.77,305.6,299.85,333.18
2018-12-11,7718.87,310.6,300.2,338.8
2018-12-12,7764.2,310.9,302.2,336.5
2018-12-13,7842.67,309.1,304.95,345.17
2018-12-14,7748.51,306.2,310,338.71
2018-12-17,7584.61,298.4,305,328.37
2018-12-18,7556.72,299.9,301.5,303.51
2018-12-19,7434.67,300,296.75,309.05
2018-12-20,7216.72,294.5,299.05,299.18
2018-12-21,7103.38,297.3,296.2,298.25
2018-12-27,6915.08,282.8,293,292.79
2018-12-28,7134.77,293.1,297.9,295.52
2019-01-02,7230.67,298,304.3,304.91
2019-01-03,7108.61,293.3,310,309.88
2019-01-04,7488.72,305,312.65,314.09
2019-01-07,7593.33,314.1,312.4,316.58
2019-01-08,7685.74,319,314.5,324.89
2019-01-09,7840.92,326.4,317.1,341.27
2019-01-10,7743.28,325.4,314.55,340.36
2019-01-11,7610.77,320,314.35,333.9
2019-01-14,7631.69,315.8,303.3,328.77
2019-01-15,7617.74,313.9,308.95,340.46
2019-01-16,7668.31,320.5,307.5,342.83
2019-01-17,7614.26,320.8,310.7,341.08
2019-01-18,7776.41,325.7,315.1,352.23
2019-01-21,7792.1,332.9,313.05,348.975
2019-01-22,7567.18,324.8,316,345.72
2019-01-23,7581.13,319.1,311.35,345.65
2019-01-24,7542.77,323.1,308.9,349.76
2019-01-25,7659.59,331.7,303.05,353.31
2019-01-28,7577.64,324.3,300.85,339.92
2019-01-29,7582.87,326.8,303.05,348.41
2019-01-30,7626.46,325.6,306.3,354.2
2019-01-31,7551.49,304.9,304.2,349.57
2019-02-01,7602.05,296.4,317.45,359.64
2019-02-04,7685.74,306,314.7,355.88
2019-02-05,7720.61,310,320.3,350.67
2019-02-06,7710.15,309.4,319.2,353.87
2019-02-07,7575.9,308.4,320.3,346.31
2019-02-08,7333.54,300.5,319.45,346.79
2019-02-11,7394.56,304.7,322.15,345.9
2019-02-12,7488.72,309.9,325,350.78
2019-02-13,7532.31,306.2,325,355.76
2019-02-14,7804.31,306.9,328.5,360.29
2019-02-15,7884.51,312.5,330.7,368.36
2019-02-18,7877.54,314.9,332.5,369.475
2019-02-19,7976.92,306.6,327,370.59
2019-02-20,8165.23,310.2,327.1,374.45
2019-02-21,7338.77,314.1,326.95,374.34
2019-02-22,7703.18,326.6,326.9,377.29
2019-02-25,7839.18,325.3,325,364.56
2019-02-26,7708.41,325.2,325.6,364.51
2019-02-27,7701.43,318,321.75,373.12
2019-02-28,7706.67,314.8,321.85,373.97
2019-03-01,7582.87,319.6,325.8,365.76
2019-03-04,7687.49,322.2,324.7,372.45
2019-03-05,7715.38,323.2,328.1,372.51
2019-03-06,7703.18,319.1,324.85,371.03
2019-03-07,7450.36,308.1,327.35,375.07
2019-03-08,7357.95,299.9,328.95,372.74
2019-03-11,7412,301,329.5,376.82
2019-03-12,7478.26,311.8,328,376.29
2019-03-13,7570.67,316.5,330.5,384.52
2019-03-14,7628.2,317.7,333,387.22
2019-03-15,7575.9,318.9,335,386.24
2019-03-18,7643.9,320.4,338.8,388.52
2019-03-19,7820,320.1,344.5,387.84
2019-03-20,7738.05,307.8,344.6,393.23
2019-03-21,7689.23,304,344.65,393.08
2019-03-22,7568.92,296.8,336.35,389.81
2019-03-25,7516.61,290.6,338.45,387.7
2019-03-26,7464.31,289.5,345.65,396.31
2019-03-27,7548,291,343.85,393.91
2019-03-28,7349.23,282.8,345.85,394.65
2019-03-29,7359.69,287.5,348.4,399.61
2019-04-01,7641.28,302.3,347.6,409.14
2019-04-02,7718.87,308.9,347.45,417.08
2019-04-03,7752,316,339.85,414.68
2019-04-04,8174,307.1,337.55,413.15
2019-04-05,8012,304.2,337.8,419.18
2019-04-08,8122,299.5,340.1,427.49
2019-04-09,8100,298.8,339.25,423.53
2019-04-10,8304,308.2,339.4,427.63
2019-04-11,8434,312.5,338.8,421.35
2019-04-12,8514,325.9,333.85,421.25
2019-04-15,8618,327.7,332.4,418.29
2019-04-16,8776,326.3,331.25,422.9
2019-04-17,8994,330.6,322.75,421.19
2019-04-23,8932,320.4,324.35,440.19
2019-04-24,8872,318.6,323.5,438.91
2019-04-25,8818,324,323.4,437.72
2019-04-26,8898,326.4,327.5,424.46
2019-04-29,8850,325.4,331.95,425.15
2019-04-30,8672,334,325.5,425.26
2019-05-01,8776,333.5,327.3,418.41
2019-05-02,8710,326.4,327.05,411.56
2019-05-03,8696,314,317.35,414.55
2019-05-06,8392,307,317.4,415.01
2019-05-07,8402,299.5,317.8,409.83
2019-05-08,8412,300.1,323.7,414
2019-05-09,8162,292,322.35,411.55
2019-05-10,8132,291.7,320,409.92
2019-05-13,7894,279.9,314.1,405.31
2019-05-14,7878,286.4,314,411.05
2019-05-15,7838,282.5,313,414.25
2019-05-16,7982,292.6,313.3,419.09
2019-05-20,7616,284.2,316.9,421.99
2019-05-21,7736,285.6,318.85,421.5
2019-05-22,7732,285.2,320.45,410.6
2019-05-23,7390,277.4,323.9,388.27
2019-05-24,7200,276.9,323.95,391.38
2019-05-27,7030,276.2,321.45,393.02
2019-05-28,7216,275,323.2,394.66
2019-05-29,7180,263.7,314.7,393.72
2019-06-03,6922,256.4,324.25,355.54
2019-06-04,7138,262,319.55,355.2
2019-06-06,7110,258.7,327.4,348.64
2019-06-07,7292,263.2,323.75,357.67
2019-06-11,7316,270.4,340.65,351.46
2019-06-12,7190,271.4,346,337.28
2019-06-13,7226,272.3,345,345.84
2019-06-14,7258,268.4,340.5,348.09
2019-06-17,7420,268,340.55,345.18
2019-06-18,7608,274,348,359.78
2019-06-19,7836,280,346.7,358.2
2019-06-20,7998,285.4,340.6,374.07
2019-06-21,8016,286.1,332.95,378.89
2019-06-24,7972,276.4,333.95,379.41
2019-06-25,7830,278.6,337.35,379.1
2019-06-26,7928,284.7,334.2,390.14
2019-06-27,7950,286.3,334.4,390.14
2019-06-28,8142,296.9,334.5,383.48
2019-07-01,8068,300,340.35,388.66
2019-07-02,8000,295,344.1,371.51
2019-07-03,8072,290.1,345,374.736666666667
2019-07-04,8080,296.5,341.75,377.963333333333
2019-07-05,7958,292.9,339.3,381.19
2019-07-08,7842,290,334.4,383.7
2019-07-09,7674,283.1,335.45,385.19
2019-07-10,7728,281.6,335.05,401.99
2019-07-11,7730,279.9,327,398.34
2019-07-12,7700,277.9,318.75,399.54
2019-07-15,7782,281,317.35,394.78
2019-07-16,7884,282.1,319.05,383.4
2019-07-17,7654,278.2,321.4,378.04
2019-07-18,7558,275.1,322.2,368.17
2019-07-19,7596,275.9,319,369.98
2019-07-22,7604,276.8,323.65,374.27
2019-07-23,7846,281.3,320.8,379.34
2019-07-24,7766,282.3,331.05,374.45
2019-07-25,7846,280.9,329,376.23
2019-07-26,7790,282.1,327.75,376.73
2019-07-29,7750,284.2,328.8,381.9
2019-07-30,7554,278.5,323.55,388.59
2019-07-31,7588,276.9,324,392.29
2019-08-01,7698,278,330.15,364.94
2019-08-02,7332,263.6,327.35,374.17
2019-08-05,6978,251.7,321.4,365.14
2019-08-06,7034,248.6,324.65,357.84
2019-08-07,7020,245.4,326,340.38
2019-08-08,7134,270.1,334.8,350.32
2019-08-09,7012,263.1,334,363.23
2019-08-12,6960,259,336.45,366.23
2019-08-13,7020,263.1,345.9,379.75
2019-08-14,6980,258.9,338.75,368.31
2019-08-15,6900,249.1,342.9,364.39
2019-08-16,7308,263,347.5,369.52
2019-08-19,7462,272,344,377.58
2019-08-20,7364,277.6,344.6,379.26
2019-08-21,7484,284.6,350,373.9
2019-08-22,7528,281.9,354.85,372.35
2019-08-23,7298,281.1,354.5,365.01
2019-08-26,7194,276.7,351,359.81
2019-08-27,7210,279.6,353.6,368.93
2019-08-28,7142,276.4,352.65,375.34
2019-08-29,7202,282.7,354.85,381.94
2019-08-30,7218,292.1,352.3,372.27
2019-09-02,7110,289.8,359.1,370.01
2019-09-03,7174,287,361.05,367.75
2019-09-04,7370,293.2,362.15,380.84
2019-09-05,7646,297.6,355.05,379.75
2019-09-06,7610,293.5,357.35,382.44
2019-09-09,7832,297.3,342.15,391.15
2019-09-10,7850,296.2,332.35,387.91
2019-09-11,8030,309.4,342.6,378.02
2019-09-12,7960,311.3,342.25,374.98
2019-09-13,8300,313.3,336.65,369.15
2019-09-16,8026,311.2,334,425.78
2019-09-17,7964,310.6,344.3,401.87
2019-09-18,7790,307.2,345.75,392.59
2019-09-19,7800,302.4,349.45,392.22
2019-09-20,7832,299.3,358.5,393.24
2019-09-23,7730,295.5,360.2,398.57
2019-09-24,7700,292.1,360.4,388.74
2019-09-25,7576,289.1,359.25,383.98
2019-09-26,7632,288.7,358.05,384.95
2019-09-27,7760,291.1,354.7,381.74
2019-09-30,7746,298.2,352.15,370.74
2019-10-01,7590,285,346.25,367.31
2019-10-02,7450,265.9,338.55,359.76
2019-10-03,7352,259.3,341.5,357.57
2019-10-04,7388,265.2,347.9,359.15
2019-10-07,7442,265.8,352.85,358.35
2019-10-08,7390,254.3,350.6,357.81
2019-10-09,7476,256.3,349.9,357.71
2019-10-10,7658,259.7,349.3,362.59
2019-10-11,7916,233.7,347.15,369.96
2019-10-14,7874,226.7,354.45,362.85
2019-10-15,8070,232.6,355.15,358.4
2019-10-16,8024,233.5,354.4,361.6
2019-10-17,7960,231.2,355.6,362.54
2019-10-18,7972,231,350.6,360.5
2019-10-21,8590,237.1,352.9,356.46
2019-10-22,8392,235.5,360.9,363.54
2019-10-23,8458,237.2,359.7,375.92
2019-10-24,8384,235.6,364.6,377.48
2019-10-25,8552,244.8,364.05,381.08
2019-10-28,8724,249.8,367.25,376.06
2019-10-29,8756,247.2,367.3,373.97
2019-10-30,8602,243.7,371.7,370.38
2019-10-31,8538,239.7,365.85,362.89
2019-11-01,8776,243.5,378.9,376.94
2019-11-04,8882,252.9,380.5,378.59
2019-11-05,8900,256.2,381,384.89
2019-11-06,8910,257.4,381.15,379.63
2019-11-07,9150,260.2,379,385.51
2019-11-08,9102,255.4,389,387.65
2019-11-11,8986,257.5,389,384.81
2019-11-12,9172,256,388.95,385.31
2019-11-13,9030,253.1,391.8,387.82
2019-11-14,9048,252.8,388.95,385.73
2019-11-15,9570,255.7,390.45,390.89
2019-11-18,9640,250.9,383.25,385.42
2019-11-19,9606,251.7,384.5,372.42
2019-11-20,9588,250.2,368.75,385.92
2019-11-21,9436,248.7,362.8,394.72
2019-11-22,9464,250.9,368,390.39
2019-11-25,9316,251.7,380.35,393.74
2019-11-26,9378,253.5,381.8,396.04
2019-11-27,9374,260.1,381.75,394.36
2019-11-28,9552,253.4,383.45,389.336666666667
2019-11-29,9478,249.1,381.2,384.313333333333
2019-12-02,9514,251.1,377.1,379.29
2019-12-03,9380,247.5,381.5,378.62
2019-12-04,9394,250.6,386,393.97
2019-12-05,9662,253.2,385.5,393.51
2019-12-06,10075,253.2,383.95,398.74
2019-12-09,10100,254.4,384.65,398.21
2019-12-10,10100,252,383.4,399.66
2019-12-11,10035,248,382.4,396.48
2019-12-12,10310,257.5,381.45,397.11
2019-12-13,10060,263.4,383,401.74
2019-12-16,10180,269.5,391.7,403.69
2019-12-17,9974,268.8,390.1,408
2019-12-18,9764,264.6,380.85,409.6
2019-12-19,9622,264.3,384.95,411.49
2019-12-20,9560,264.1,391.25,406.97
2019-12-23,9626,266.2,390.9,408.3
2019-12-27,9732,265.4,391.45,413.41
