"Date","JyskeBank","Lundbeck","NKT","Nordea","TenYearBond"
2010-01-04,205,95.05,154.39,53.3,3.67
2010-01-05,204.1,96.5,153.29,53.5,3.66
2010-01-06,203.4,96.55,153.99,53.7,3.69
2010-01-07,210.4,98.5,157.13,53.6,3.67
2010-01-08,210.7,99,158.22,53.55,3.67
2010-01-11,210,104,159.12,54.25,3.64
2010-01-12,209.1,103.2,164.09,54.4,3.6
2010-01-13,207.8,100,167.57,54.55,3.57
2010-01-14,213.3,102,171.05,55.5,3.61
2010-01-15,211.5,102,168.56,54.7,3.56
2010-01-18,208.4,103,167.57,53.8,3.54
2010-01-19,204.5,102,166.57,53.1,3.6
2010-01-20,200.9,103.3,162.85,52.4,3.54
2010-01-21,196,100,158.27,51.4,3.58
2010-01-22,198,99.9,158.12,50,3.57
2010-01-25,197.9,100.8,158.32,50.4,3.55
2010-01-26,199.4,102,155.49,50.5,3.56
2010-01-27,199.5,102.3,156.33,50,3.56
2010-01-28,199.9,101.9,154.14,49.4,3.55
2010-01-29,200.6,100.5,157.62,51,3.57
2010-02-01,208.9,100.9,158.37,51,3.53
2010-02-02,216,101.2,159.86,51.7,3.56
2010-02-03,209.8,101,159.12,51.65,3.55
2010-02-04,206.6,100.2,155.64,50,3.54
2010-02-05,203.9,97.25,151.36,49.18,3.49
2010-02-08,199.3,96.8,147.38,49.16,3.52
2010-02-09,197.8,97.4,148.03,50.45,3.52
2010-02-10,195.6,96.05,146.14,49.31,3.54
2010-02-11,189.3,96.4,144.45,49.81,3.54
2010-02-12,192.6,97,145.19,49.75,3.53
2010-02-15,192.4,96.25,145.49,50.25,3.55
2010-02-16,193,98.2,150.61,50.5,3.57
2010-02-17,193,98,149.77,51.3,3.53
2010-02-18,195.5,98.25,150.56,51.45,3.57
2010-02-19,198.6,99,150.81,51.15,3.59
2010-02-22,201.8,99,151.66,52.7,3.6
2010-02-23,193.5,98.75,149.72,52.05,3.46
2010-02-24,191,98.8,148.57,52.55,3.46
2010-02-25,188,96.8,147.18,52.4,3.42
2010-02-26,190.3,96.5,149.92,53.05,3.44
2010-03-01,191,95,153.15,54,3.41
2010-03-02,189.5,96.1,156.08,54.15,3.42
2010-03-03,191.1,96,157.03,54.85,3.47
2010-03-04,191,97.85,155.69,55.6,3.41
2010-03-05,193.5,97.45,155.39,57.3,3.46
2010-03-08,193.8,98.05,154.49,57.5,3.45
2010-03-09,192.7,96.8,152.65,55.9,3.45
2010-03-10,194.3,96.85,152.85,56.55,3.44
2010-03-11,193,98.75,154.59,56.7,3.46
2010-03-12,193.1,99,155.24,56.6,3.45
2010-03-15,192.9,99.5,152.15,56.55,3.43
2010-03-16,195.5,99.55,154.04,57.2,3.39
2010-03-17,195,100.4,152.95,57.4,3.38
2010-03-18,194.2,99.55,151.51,56.6,3.4
2010-03-19,193.1,100,150.31,56.65,3.4
2010-03-22,193.5,99.65,148.67,56.1,3.36
2010-03-23,194.2,102.5,149.17,56.35,3.36
2010-03-24,195,103.1,151.81,56.75,3.39
2010-03-25,197.8,102.8,154.04,57.75,3.45
2010-03-26,197.2,102.8,151.91,55.3,3.44
2010-03-29,195,103.8,152.7,54.85,3.42
2010-03-30,194.2,104.2,151.46,55.05,3.39
2010-03-31,195.8,103.9,151.41,54.95,3.38
2010-04-06,197.5,103.1,156.13,55.8,3.43
2010-04-07,200.9,103.5,158.47,56.25,3.4
2010-04-08,200.4,102.8,157.23,55.35,3.41
2010-04-09,201,102.6,159.31,55.8,3.44
2010-04-12,201.6,103.2,159.12,56.35,3.43
2010-04-13,198.9,102.8,162.2,55.8,3.41
2010-04-14,203.2,102.5,167.67,56.2,3.41
2010-04-15,204.9,103,169.36,55.7,3.4
2010-04-16,204,101.2,167.42,54.9,3.34
2010-04-19,200,99.85,165.28,54.15,3.35
2010-04-20,203.5,100,172.24,55.2,3.34
2010-04-22,211.3,96.6,165.08,53,3.33
2010-04-23,216.6,97.5,166.38,53.9,3.31
2010-04-26,219,96.9,168.07,54.25,3.29
2010-04-27,219,95.3,163.59,52.3,3.24
2010-04-28,219.7,94.3,159.76,54.8,3.23
2010-04-29,226.2,92.1,163.39,55.05,3.2
2010-05-03,227.8,93.5,162.85,54.55,3.21
2010-05-04,209.6,94.7,156.63,52.6,3.05
2010-05-05,197,94.15,152.06,50.3,3.01
2010-05-06,189,92.4,150.96,48.09,2.94
2010-05-07,183,88.4,144.6,45.84,2.99
2010-05-10,204.5,92.2,155.78,50.85,3.11
2010-05-11,199.1,91.5,152.8,49.56,3.11
2010-05-12,198,93.5,154.14,50.85,3.1
2010-05-14,198,93.5,154.14,50.85,3.065
2010-05-17,198.4,90.75,148.67,49.61,3.03
2010-05-18,203,90.8,148.77,50.2,2.96
2010-05-19,198,88.65,143.2,48.52,2.89
2010-05-20,196.8,87.6,138.08,46.65,2.79
2010-05-21,203,86.7,134.7,46.89,2.78
2010-05-25,197,84.75,129.83,45.86,2.69
2010-05-26,195,85.5,137.44,48.37,2.73
2010-05-27,191.9,87.95,140.87,49.71,2.76
2010-05-28,187.6,88.95,138.23,49.58,2.7
2010-05-31,193.8,89.85,140.22,49.67,2.69
2010-06-01,192.5,87.5,142.41,50.2,2.72
2010-06-02,190.1,88.05,141.17,50.45,2.71
2010-06-03,190.7,89.5,144.99,51.95,2.7
2010-06-04,188.6,89.5,141.56,50.2,2.62
2010-06-07,189.1,88.55,139.23,49.03,2.61
2010-06-08,186.4,86.1,138.33,48.85,2.61
2010-06-09,185.1,87,140.82,50.4,2.63
2010-06-10,187.9,88.15,143.8,52,2.74
2010-06-11,186.5,87.8,144.94,52.05,2.68
2010-06-14,190.4,88.3,147.08,53.15,2.72
2010-06-15,190.9,88.25,147.43,54,2.79
2010-06-16,193,88.5,146.69,53.55,2.78
2010-06-17,190,89.5,142.71,53.35,2.77
2010-06-18,193.5,88.4,145.74,54.95,2.83
2010-06-21,195.3,88.4,147.58,54.6,2.83
2010-06-22,192.2,87.95,149.72,54.8,2.77
2010-06-23,192,87.5,146.34,53.8,2.76
2010-06-24,186.7,86.95,144.75,52.05,2.71
2010-06-25,183.9,86.3,142.31,51.65,2.73
2010-06-28,182,85.65,142.86,52,2.69
2010-06-29,175.9,83.1,136.54,50.25,2.67
2010-06-30,177.8,83.3,136.09,50.2,2.68
2010-07-01,177.4,82.8,131.57,49.68,2.67
2010-07-02,178.5,83.85,134.35,50.6,2.69
2010-07-05,175.4,83.5,135.3,50.45,2.66
2010-07-06,183.9,85.3,138.13,52.2,2.68
2010-07-07,187.9,86.35,136.74,53.5,2.71
2010-07-08,190,86.25,138.48,52.55,2.73
2010-07-09,189.6,86.1,140.07,54.6,2.73
2010-07-12,190.5,87.05,140.42,54.8,2.7
2010-07-13,192,87,142.86,57.1,2.75
2010-07-14,189,87.05,141.17,57.25,2.74
2010-07-15,189,88,138.33,56.9,2.75
2010-07-16,184.7,87.05,139.08,56,2.7
2010-07-19,180.8,87,134.45,55.45,2.75
2010-07-20,179.3,85.55,131.27,54.65,2.72
2010-07-21,181,85.95,136.09,54.6,2.7
2010-07-22,185,86.9,138.38,55.8,2.74
2010-07-23,186.5,85.6,137.24,55.4,2.81
2010-07-26,189.1,85.25,140.37,55.6,2.83
2010-07-27,194.5,86.45,142.71,57.45,2.86
2010-07-28,196,87.1,139.48,57.4,2.82
2010-07-29,197.6,86.75,141.96,57.8,2.81
2010-07-30,199.4,87,139.77,57.5,2.76
2010-08-02,203.7,86.65,144.9,59.75,2.8
2010-08-03,207.7,88.7,145.39,60.2,2.71
2010-08-04,205.1,90.05,142.46,59.3,2.71
2010-08-05,205.8,89.9,143.2,59.35,2.66
2010-08-06,204.3,89.45,141.31,58.45,2.61
2010-08-09,205.3,90.8,144.65,59,2.62
2010-08-10,202,89.35,143.2,58.1,2.62
2010-08-11,196,89.3,140.47,56.25,2.51
2010-08-12,194.2,89.15,135.99,55.2,2.52
2010-08-13,194.7,89,134.06,55.15,2.49
2010-08-16,195.5,89.25,133.51,54.75,2.42
2010-08-17,197.8,89.65,134.9,55.85,2.46
2010-08-18,193.9,90.15,131.92,56.1,2.42
2010-08-19,192.8,91.1,132.96,55.05,2.38
2010-08-20,187,90.1,128.78,53.65,2.36
2010-08-23,191,90.55,131.47,54.25,2.35
2010-08-24,186.5,89,113.87,52.45,2.25
2010-08-25,191.1,89.05,113.12,51.15,2.25
2010-08-26,189,88.4,113.27,52.75,2.21
2010-08-27,196.3,88.4,109.64,52.5,2.27
2010-08-30,191,88.55,109.99,51.8,2.19
2010-08-31,193.5,89.25,110.44,52.3,2.18
2010-09-01,197,89.85,114.61,55,2.3
2010-09-02,198,89.5,118.34,54.65,2.37
2010-09-03,205,90.6,121.52,53.95,2.44
2010-09-06,206,91.35,122.12,54.35,2.42
2010-09-07,203,90.85,121.97,54.05,2.32
2010-09-08,204.2,92.25,123.66,54.7,2.36
2010-09-09,205.5,94.65,126.1,55.65,2.44
2010-09-10,205.9,95,127.79,55.9,2.48
2010-09-13,210,95.15,129.33,57,2.49
2010-09-14,209.4,95,129.13,57.1,2.44
2010-09-15,211.5,94.75,129.28,57,2.51
2010-09-16,210.4,94.8,127.29,56.55,2.56
2010-09-17,214,94.4,129.03,56.45,2.51
2010-09-20,215,95,130.33,57.5,2.55
2010-09-21,218,95.25,133.21,57.85,2.5
2010-09-22,216.5,95.8,133.96,56.75,2.45
2010-09-23,214,96.35,132.41,55.7,2.41
2010-09-24,217,96.8,133.61,56.65,2.46
2010-09-27,216.5,96.2,134.15,56.25,2.38
2010-09-28,212,96.85,132.27,56.2,2.35
2010-09-29,211.8,97.65,132.61,56,2.36
2010-09-30,213.2,96.55,134.45,57.6,2.38
2010-10-01,213,95.7,133.61,56.85,2.41
2010-10-04,212.2,96.2,131.37,56.3,2.36
2010-10-05,214.4,96.7,139.48,57.8,2.41
2010-10-06,220.1,97,137.83,57.9,2.36
2010-10-07,220.7,98,137.93,58.2,2.38
2010-10-08,223.3,98.9,139.23,58.6,2.38
2010-10-11,221.9,99.6,138.73,59.35,2.37
2010-10-12,225.1,100.1,137.24,58.5,2.4
2010-10-13,233.5,103.7,140.72,59.55,2.38
2010-10-14,234.9,104.7,139.48,58.9,2.45
2010-10-15,233,105.4,138.33,58.6,2.51
2010-10-18,233.7,104.2,143.55,59.35,2.5
2010-10-19,239,107.2,142.61,58.9,2.51
2010-10-20,239.7,107.5,144.1,58.35,2.56
2010-10-21,240,107.3,145.69,59.45,2.61
2010-10-22,239.7,106.5,143.2,59.45,2.58
2010-10-25,241.9,107,142.71,59.45,2.58
2010-10-26,241.7,107.1,141.81,58.8,2.63
2010-10-27,243.4,106.9,139.87,60.1,2.68
2010-10-28,239.8,106.9,143.1,59,2.67
2010-10-29,240,107,143.4,58.55,2.62
2010-11-01,239.7,108.5,141.22,58.35,2.6
2010-11-02,237.5,107.8,141.96,58.2,2.59
2010-11-03,232,103.3,139.48,57.3,2.56
2010-11-04,238.3,102.1,143.7,59.05,2.51
2010-11-05,240.7,103.6,143.35,58.6,2.54
2010-11-08,236.7,103.9,143.06,57.75,2.52
2010-11-09,240.9,104.8,142.66,58,2.57
2010-11-10,239.1,105.9,143.8,57.5,2.55
2010-11-11,239.1,105.3,144.7,56.85,2.57
2010-11-12,237.8,105.5,143.3,56.6,2.68
2010-11-15,250,106.2,144.2,57.1,2.71
2010-11-16,241,105.5,138.23,55.6,2.73
2010-11-17,234.8,106,133.56,55.95,2.75
2010-11-18,239.7,108,135.99,57.2,2.81
2010-11-19,236.7,108.3,135.55,56.7,2.83
2010-11-22,234,107.8,135.1,55.85,2.77
2010-11-23,231,106.7,132.02,55.05,2.72
2010-11-24,231,106.2,132.36,55.95,2.84
2010-11-25,227.6,107.9,132.27,56.65,2.85
2010-11-26,227.7,106.4,129.13,56.75,2.87
2010-11-29,228,101.4,128.09,56.3,2.89
2010-11-30,234.1,99.45,126.99,57.1,2.83
2010-12-01,242,101.7,132.22,58.45,2.95
2010-12-02,254.6,104,137.54,59.2,2.98
2010-12-03,251.3,102.1,136.29,58.75,3.01
2010-12-06,251.9,102.8,137.34,58.6,2.98
2010-12-07,254,101.9,138.23,58.3,3.11
2010-12-08,252,104.8,139.43,58.9,3.12
2010-12-09,251,104.4,138.73,58.9,3.07
2010-12-10,251,104.7,138.93,58.95,3.1
2010-12-13,252.9,104.5,142.31,59.2,3.09
2010-12-14,251.1,104.3,142.76,59.6,3.19
2010-12-15,249,104.2,144.2,61.1,3.15
2010-12-16,239.7,104.1,141.22,60.7,3.12
2010-12-17,246.9,104.8,142.26,61.1,3.08
2010-12-20,241.6,104.9,143.3,61,3.05
2010-12-21,240.9,103.7,145.29,61.35,3.02
2010-12-22,241,103,143.1,60.8,3.01
2010-12-23,244.5,103.4,144.2,61.05,3.04
2010-12-27,243,104.4,143.7,61,3.06
2010-12-28,243,106.5,144.7,61.05,3.08
2010-12-29,243.5,107.5,148.77,61.2,3.05
2010-12-30,259,106,147.78,60.95,3.03
2011-01-03,251.5,112.9,154.94,61.85,2.97
2011-01-04,250,110.5,153.3,61.5,2.97
2011-01-05,246,111.5,151.51,61.1,3.04
2011-01-06,245.5,113.9,152.01,60.9,2.99
2011-01-07,244.8,113.3,150.51,60.6,2.95
2011-01-10,241,111.5,149.87,60.4,2.95
2011-01-11,243.3,112.8,155.64,61.6,2.99
2011-01-12,242.5,114,160.61,62.7,3.27
2011-01-13,242.5,112.9,157.87,62.9,3.07
2011-01-14,242,113.2,159.76,63.6,3.09
2011-01-17,241,114.5,159.41,63.6,3.08
2011-01-18,242,116.5,163.54,65.45,3.12
2011-01-19,246.5,113.5,159.31,65.4,3.11
2011-01-20,242.5,113.4,155.98,64.55,3.17
2011-01-21,244.9,112,157.13,64.45,3.16
2011-01-24,242.5,112.5,157.03,64.15,3.15
2011-01-25,241.5,111.5,158.17,64,3.12
2011-01-26,240.7,113.2,158.52,65.4,3.19
2011-01-27,244,112.7,160.61,66.85,3.21
2011-01-28,245.7,113,160.76,66.6,3.18
2011-01-31,244.5,113,157.67,66.1,3.21
2011-02-01,246,112.8,160.61,67.3,3.26
2011-02-02,244,112.8,157.67,65.1,3.28
2011-02-03,243,111.6,155.09,66.2,3.25
2011-02-04,247,112.2,154.89,62.9,3.3
2011-02-07,248,112.5,158.67,63.35,3.29
2011-02-08,249.7,116,158.47,62.8,3.32
2011-02-09,248,117.8,158.87,62.6,3.34
2011-02-10,241.5,114.5,156.63,61.65,3.36
2011-02-11,237.5,114.3,156.93,62.4,3.35
2011-02-14,234,115.7,158.42,62.05,3.35
2011-02-15,229,115.5,157.72,61.65,3.33
2011-02-16,230,117.7,157.67,62.95,3.3
2011-02-17,228,116,155.98,61.5,3.23
2011-02-18,224.5,116.7,157.62,62,3.29
2011-02-21,220.5,117.5,155.34,60.75,3.25
2011-02-22,237,117,152.15,61.3,3.2
2011-02-23,240,117.1,148.77,60.3,3.2
2011-02-24,235.9,115.7,145.84,60.3,3.2
2011-02-25,235,121.5,149.67,60.5,3.2
2011-02-28,233,123.5,152.5,61.65,3.22
2011-03-01,232,123,148.13,61.7,3.21
2011-03-02,228.6,124.2,155.29,60.15,3.27
2011-03-03,227.6,125,155.19,59.5,3.38
2011-03-04,227,125.6,155.73,59.05,3.31
2011-03-07,226.9,124.8,154.59,59.65,3.34
2011-03-08,226.8,125.3,155.93,59.7,3.37
2011-03-09,227.7,127.4,158.87,59.7,3.34
2011-03-10,226.3,125.5,156.13,59.3,3.3
2011-03-11,224.5,124.3,155.98,58.65,3.29
2011-03-14,221,122.2,155.39,57.95,3.3
2011-03-15,219,119.1,149.52,55.7,3.23
2011-03-16,215.5,116.5,148.92,54.15,3.14
2011-03-17,218,118.5,150.91,55,3.23
2011-03-18,225,120.6,155.64,57.05,3.26
2011-03-21,229.5,121.9,157.03,57.55,3.32
2011-03-22,231,122.3,154.09,57.7,3.33
2011-03-23,230.8,121.2,153.25,57.85,3.3
2011-03-24,233.4,122.2,154.79,58.05,3.33
2011-03-25,236.2,120.9,156.63,56.25,3.35
2011-03-28,235.1,120,157.03,57.4,3.36
2011-03-29,236.5,121.9,155.14,57.25,3.42
2011-03-30,234,124.1,154.34,57.95,3.4
2011-03-31,234.3,122,153.4,57.75,3.43
2011-04-01,237.8,121.2,156.38,58.45,3.44
2011-04-04,235.5,122.5,157.62,58.3,3.44
2011-04-05,236,121,155.59,58.1,3.48
2011-04-06,241.6,119.7,157.28,58.6,3.52
2011-04-07,243.8,121.3,156.83,59.35,3.5
2011-04-08,252,122.5,154.29,59.6,3.55
2011-04-11,254,121.8,154.64,59.3,3.57
2011-04-12,252.6,123.2,151.26,58.85,3.5
2011-04-13,258.5,125.3,151.66,60.25,3.48
2011-04-14,259,124.7,151.46,59.45,3.5
2011-04-15,255.2,125.6,151.66,59.2,3.43
2011-04-18,249.7,126.5,149.87,58,3.31
2011-04-19,247.1,125.2,151.26,58.25,3.35
2011-04-20,250.1,126.4,154.14,59.6,3.36
2011-04-26,256.9,126.2,153.15,59.05,3.29
2011-04-27,256.8,126.5,153.05,57.4,3.34
2011-04-28,256.4,123,152.7,57.45,3.29
2011-04-29,250.3,120.9,154.09,57.65,3.25
2011-05-02,251,124.8,154.59,57.75,3.26
2011-05-03,250.7,126.4,154.39,56.85,3.28
2011-05-04,243.3,126,152.01,56.35,3.32
2011-05-05,245,126.5,150.31,56.85,3.23
2011-05-06,244.9,128.2,150.46,57.65,3.16
2011-05-09,243.5,129.1,149.67,57.05,3.12
2011-05-10,246,129.3,150.66,57.75,3.16
2011-05-11,246.7,130.6,152.25,58.35,3.12
2011-05-12,246.5,133.9,153.9,58.15,3.16
2011-05-13,247.7,135.6,154.14,58.8,3.12
2011-05-16,254,132.4,157.38,58.55,3.14
2011-05-17,249.9,131,156.88,58.45,3.13
2011-05-18,250.3,131,156.58,58.45,3.16
2011-05-19,251.7,130.7,160.76,58.9,3.15
2011-05-23,247.3,132.2,157.38,57.7,3.06
2011-05-24,248,131.8,157.87,57.95,3.07
2011-05-25,247.4,133,157.67,59.4,3.07
2011-05-26,241.8,133.9,158.77,59.45,3.01
2011-05-27,246,134,161.35,59.25,3.01
2011-05-30,243.5,131.8,169.56,59.55,3
2011-05-31,242,133.2,170.75,60.25,3.03
2011-06-01,240.9,133.9,170.45,60.3,2.97
2011-06-06,237.1,133.1,167.27,58.9,3
2011-06-07,232.2,133.3,166.43,59,3.07
2011-06-08,231.9,133.1,162.6,57.4,3.03
2011-06-09,230,131.9,164.09,57.1,3.02
2011-06-10,226.4,130.5,164.24,56.05,2.94
2011-06-14,224.6,130,162.1,56.35,2.99
2011-06-15,220.3,127.8,158.72,54.65,2.92
2011-06-16,215.2,128,156.88,54.25,2.92
2011-06-17,216.5,129.4,160.61,55.05,2.95
2011-06-20,209.9,128.3,156.38,54.2,2.96
2011-06-21,211.9,130.1,159.12,54.95,2.99
2011-06-22,210.4,130,159.61,54.15,2.96
2011-06-23,202.7,127.6,156.88,52.75,2.88
2011-06-24,197.6,127.5,155.14,52.8,2.83
2011-06-27,191.5,128.3,156.63,51.95,2.91
2011-06-28,191.9,127.8,156.58,52.45,2.97
2011-06-29,196.2,130.9,158.52,54.05,3.01
2011-06-30,203.1,135.3,163.39,55.2,3.26
2011-07-01,215.7,135.7,168.46,56.8,3.27
2011-07-04,216.7,135.8,169.61,57.05,3.24
2011-07-05,216.9,135.7,168.81,57.2,3.23
2011-07-06,215.6,139.6,170.06,56.45,3.17
2011-07-07,217.1,139.7,170.8,57.15,3.22
2011-07-08,214,137.4,172.14,56.05,3.07
2011-07-11,209.3,135,165.18,54.8,2.93
2011-07-12,204.7,134.1,164.83,53.35,2.96
2011-07-13,207.8,133.3,166.52,53.65,3.02
2011-07-14,202.8,134.6,164.39,52.2,3
2011-07-15,201.8,135.6,164.09,52.2,2.95
2011-07-18,194.5,133,160.86,50.4,2.92
2011-07-19,199.5,136,164.83,54.15,2.96
2011-07-20,206.2,136.9,166.52,55.3,3.02
2011-07-21,219.6,135.8,166.33,56.25,3.12
2011-07-22,215.1,135.7,168.51,56,3.06
2011-07-25,211.6,136,167.27,55.4,2.99
2011-07-26,209,136,168.31,54.85,2.98
2011-07-27,205.7,135,163.34,54.75,2.88
2011-07-28,207.1,132.2,159.61,55,2.88
2011-07-29,206.9,130.1,159.56,55.15,2.79
2011-08-01,204,131.1,159.12,54,2.7
2011-08-02,193.9,130.2,150.17,53,2.66
2011-08-03,188.3,131.5,146.19,50.65,2.66
2011-08-04,182.4,131.2,142.16,48.24,2.57
2011-08-05,181.8,128.1,141.56,48.15,2.64
2011-08-08,173.6,119.5,131.42,46.24,2.51
2011-08-09,174.5,116.7,136.54,45.81,2.62
2011-08-10,170,118.5,129.53,44.79,2.46
2011-08-11,174.6,121.5,129.28,45.92,2.57
2011-08-12,180.3,122.1,134.25,47.1,2.58
2011-08-15,180.2,128.2,141.86,47.88,2.58
2011-08-16,173,124.2,134.01,47.41,2.57
2011-08-17,169.3,126.1,129.63,48.12,2.49
2011-08-18,159.1,119.7,121.57,44.45,2.33
2011-08-19,157.8,120.4,116.06,43.49,2.37
2011-08-22,145.8,119.9,110.64,43.85,2.38
2011-08-23,145.7,119.2,90.94,45,2.36
2011-08-24,141.6,119.6,88.51,46.2,2.42
2011-08-25,148,116,90.99,46.18,2.4
2011-08-26,146,115.5,91.99,45.2,2.35
2011-08-29,153.6,116.5,95.67,47.04,2.42
2011-08-30,155.5,113,97.51,46.6,2.35
2011-08-31,159,114.8,98.15,47.92,2.4
2011-09-01,158.4,115.9,96.02,47.98,2.37
2011-09-02,153.8,112.7,93.43,46.69,2.22
2011-09-05,141.4,108.3,88.91,44.22,2.09
2011-09-06,136.5,106.6,87.07,43.83,2.07
2011-09-07,141,112.1,90.65,45.37,2.14
2011-09-08,141.5,112.1,90.1,46.08,2.12
2011-09-09,136.9,109.6,86.67,44.38,2
2011-09-12,132,103.1,82.39,41.38,1.94
2011-09-13,135.4,104.6,84.58,41.99,1.99
2011-09-14,131.3,104.6,86.27,41.16,2.08
2011-09-15,143.5,108.9,91.49,43.87,2.16
2011-09-16,153.8,108.5,95.12,44.85,2.09
2011-09-19,146.1,106.1,95.07,42.37,2.02
2011-09-20,142.8,105.9,106.56,43.28,2.02
2011-09-21,144.2,103.4,103.52,43.22,1.99
2011-09-22,143.7,99.75,102.43,40.42,1.92
2011-09-23,148,101,103.33,40.5,1.93
2011-09-26,152,104,103.77,41.55,2
2011-09-27,160.7,104.5,108.75,45.75,2.15
2011-09-28,164,104.9,111.23,45.31,2.15
2011-09-29,164,107.9,107.9,46.54,2.2
2011-09-30,165.7,106.4,100.24,45.01,2.07
2011-10-03,165.7,104.2,98.25,45.65,1.99
2011-10-04,162.9,101.4,95.22,42.75,1.92
2011-10-05,168.5,103,94.48,44.51,2.03
2011-10-06,165.1,105.3,98.75,44.89,2.12
2011-10-07,171,105.5,95.87,45.56,2.17
2011-10-10,184,107.8,97.56,48.1,2.26
2011-10-11,177.5,106.4,101.49,48.07,2.27
2011-10-12,177.2,106.7,101.83,48.75,2.36
2011-10-13,170.6,107.3,100.64,46.57,2.3
2011-10-14,170.7,109.1,102.63,47.25,2.4
2011-10-17,163.5,108.8,100.44,45.45,2.29
2011-10-18,162.9,107.8,98.85,45.82,2.21
2011-10-19,161.5,106.8,99.9,46.5,2.24
2011-10-20,158.5,105.9,97.81,45.12,2.23
2011-10-21,157,107,98.01,47.1,2.3
2011-10-24,153.4,106.6,104.42,47.8,2.29
2011-10-25,148.9,107.5,101.19,47.15,2.25
2011-10-26,148,108.1,103.92,47.27,2.23
2011-10-27,155.3,110.9,107.4,51.65,2.4
2011-10-28,159.1,113.5,106.16,51.8,2.42
2011-10-31,157.4,109.2,102.68,49.53,2.26
2011-11-01,145.8,106.7,94.48,45.69,1.98
2011-11-02,145,104.5,93.23,46.04,2.07
2011-11-03,148,105.6,96.27,46.35,2.13
2011-11-04,147.3,104.9,95.22,45.82,2.06
2011-11-07,147.7,104,95.17,46.07,2.03
2011-11-08,151.4,105,97.46,46.25,2.04
2011-11-09,147.2,107,95.87,44,1.94
2011-11-10,145.5,105.9,93.98,43.87,1.96
2011-11-11,147,115.7,96.46,45.59,2.06
2011-11-14,150,115.3,98.7,44.64,1.98
2011-11-15,150,114,94.33,44.01,1.91
2011-11-16,150.7,114.1,89.55,43.57,1.97
2011-11-17,148.8,112.4,89.55,43.44,2.04
2011-11-18,147.4,111.9,89.5,42.98,2.06
2011-11-21,147.5,109.1,86.62,41.15,1.99
2011-11-22,147,109,84.53,40,1.95
2011-11-23,147.2,107,86.12,39.8,2.04
2011-11-24,147.5,105.6,87.02,38.75,2.02
2011-11-25,148.3,106.3,87.81,38.36,2.08
2011-11-28,155.5,108,89.85,40.65,2.17
2011-11-29,154.3,107.2,89.75,40.67,2.2
2011-11-30,164,106.9,94.57,44.25,2.07
2011-12-01,155.2,106.5,91.74,42.79,1.85
2011-12-02,156.6,106.1,94.48,44.27,1.92
2011-12-05,163.9,106.9,98.45,45.54,2.1
2011-12-06,165,107.4,97.71,44.97,2.04
2011-12-07,166,107.3,99.3,44.1,2.03
2011-12-08,164.3,107.7,94.48,43,1.96
2011-12-09,161.9,106.5,94.48,43.4,2.07
2011-12-12,152,106.4,91.64,41.68,2.02
2011-12-13,149.2,106.6,91.24,42.39,2.07
2011-12-14,144.9,104.5,90.5,41.22,1.96
2011-12-15,144.3,105.3,92.88,40.97,1.9
2011-12-16,149,103.5,92.09,40.69,1.8
2011-12-19,148.2,103.4,89.95,41.38,1.81
2011-12-20,150,105.3,91.24,43.35,1.87
2011-12-21,149.5,105.5,92.83,43.39,1.84
2011-12-22,147.2,106,93.98,44.11,1.81
2011-12-23,145.3,109.1,95.97,44.55,1.85
2011-12-27,142.4,109,95.72,44.03,1.77
2011-12-28,141.7,109.4,93.98,43.5,1.75
2011-12-29,140.5,110.6,93.98,43.72,1.65
2011-12-30,141,108,94.87,44.06,1.64
2012-01-02,146,110.6,98.3,45.43,1.7
2012-01-03,147.2,111.6,98.55,46.21,1.73
2012-01-04,146.2,109.5,97.46,45.8,1.72
2012-01-05,145.2,109.9,99.85,45.38,1.71
2012-01-06,144,109.5,101.49,45.33,1.71
2012-01-09,145.7,111,101.78,44.65,1.72
2012-01-10,149.5,111.8,103.57,45.34,1.75
2012-01-11,151,111.5,103.97,44.74,1.75
2012-01-12,157,110,106.61,45.16,1.77
2012-01-13,158.2,110.1,108.4,44.84,1.71
2012-01-16,161.5,111.2,111.03,45.92,1.7
2012-01-17,163.3,111.8,111.53,46.22,1.72
2012-01-18,162.7,111.1,111.38,46.66,1.71
2012-01-19,165,110.8,110.93,47.54,1.81
2012-01-20,166.5,110.5,110.14,47.83,1.82
2012-01-23,174.7,109,111.08,48.1,1.91
2012-01-24,167.9,109,109.89,48.13,1.98
2012-01-25,168.8,108.6,109.44,47.88,1.93
2012-01-26,171.1,109.5,111.68,49.26,1.88
2012-01-27,170.5,110.8,110.39,48.97,1.86
2012-01-30,168,110.2,106.81,47.8,1.78
2012-01-31,167.6,112,106.66,47.41,1.75
2012-02-01,173.4,113.4,108.2,49.7,1.78
2012-02-02,177,112.2,110.34,50.45,1.8
2012-02-03,179.5,113,120.58,51.25,1.92
2012-02-06,181.6,113.6,125.1,50.65,1.84
2012-02-07,188,114.8,121.87,50.75,1.91
2012-02-08,195,112.9,121.57,52.25,1.92
2012-02-09,203.4,112.6,123.31,52.55,1.96
2012-02-10,200,113.4,119.93,51.5,1.92
2012-02-13,200,114.9,117.35,52,1.93
2012-02-14,194.7,114.9,115.41,51.3,1.88
2012-02-15,197,115,117.3,52.15,1.86
2012-02-16,192.5,115,116.85,52.7,1.84
2012-02-17,198.9,113.5,117.5,53.45,1.89
2012-02-20,198,114.2,120.03,54.9,1.93
2012-02-21,199.9,114.5,121.08,54.45,1.95
2012-02-22,194.6,114.5,118.54,53.85,1.92
2012-02-23,187.8,113.6,115.36,52.9,1.88
2012-02-24,191.5,116.4,115.86,53,1.88
2012-02-27,192.2,116.7,115.01,52.85,1.82
2012-02-28,198.2,118.8,118.04,53.45,1.83
2012-02-29,200.2,118,118.49,54,1.87
2012-03-01,190,116.4,128.78,54.25,1.84
2012-03-02,188,117.9,135.45,54.4,1.8
2012-03-05,190.5,117.1,134.8,53.55,1.82
2012-03-06,187.8,114.2,131.37,51.4,1.81
2012-03-07,189.2,114.4,133.76,51.4,1.82
2012-03-08,190.6,115.9,136.14,52.5,1.84
2012-03-09,192.5,118,139.87,53.05,1.83
2012-03-12,190.1,117.7,139.67,52.35,1.79
2012-03-13,192.2,118.2,138.93,53.9,1.85
2012-03-14,193,118.2,139.43,55.05,1.98
2012-03-15,192,116.8,138.98,55.25,1.99
2012-03-16,191.5,117.1,136.14,55.6,2.07
2012-03-19,188,116.2,135.65,55.25,2.06
2012-03-20,185.2,115.5,134.5,55,2.08
2012-03-21,182.5,116.9,132.17,54.05,2.01
2012-03-22,178,114.6,132.27,52.65,1.95
2012-03-23,178.2,114.2,132.81,51.2,1.89
2012-03-26,179,114.9,132.61,51.75,1.98
2012-03-27,177.2,114.7,129.53,50.85,1.92
2012-03-28,175.8,115.4,128.54,50.4,1.88
2012-03-29,171,113.5,124.81,49.23,1.84
2012-03-30,176.5,111.8,126.3,50.5,1.81
2012-04-02,181,113.2,129.78,50.8,1.83
2012-04-03,179.3,115.5,133.46,50.5,1.83
2012-04-04,177.6,113.8,129.78,48.05,1.81
2012-04-10,173,110.4,125.15,46.5,1.67
2012-04-11,172,110.2,124.76,46.91,1.74
2012-04-12,173,111,125.3,47.55,1.75
2012-04-13,173.4,109.3,125.01,47,1.7
2012-04-16,172,110.4,127.09,47.1,1.69
2012-04-17,174.6,110.4,127.54,48.96,1.73
2012-04-18,175.5,112.5,127.09,47.77,1.68
2012-04-19,176.5,111.6,129.18,48.14,1.68
2012-04-20,176.4,113.2,129.78,48.63,1.69
2012-04-23,174,112.5,125.35,45.78,1.65
2012-04-24,175.5,112.4,127.79,47.5,1.72
2012-04-25,178,112.6,129.73,48.62,1.73
2012-04-26,173.9,111,129.28,47.8,1.67
2012-04-27,174.9,112.1,133.01,48.63,1.68
2012-04-30,176,112.5,136.19,48.94,1.64
2012-05-01,175.8,111.9,137.24,49.25,1.64
2012-05-02,176,109.7,133.26,48.96,1.57
2012-05-03,174.5,110.4,130.72,49.1,1.57
2012-05-07,168.6,109.2,129.68,47.61,1.54
2012-05-08,165.6,108.9,127.24,47.47,1.47
2012-05-09,160.1,106,114.86,47.15,1.43
2012-05-10,162,108,118.09,47.65,1.44
2012-05-11,159.2,109,119.34,47.3,1.42
2012-05-14,152,118.6,114.02,45.69,1.36
2012-05-15,147.5,115.1,111.88,44.96,1.35
2012-05-16,149,117.4,107.8,44.46,1.39
2012-05-21,150.8,123.9,106.91,43.27,1.33
2012-05-22,156.7,126.2,108.99,45.22,1.36
2012-05-23,156,125,105.56,44.14,1.26
2012-05-24,161.3,122.4,105.91,45.1,1.27
2012-05-25,163.5,124.2,107.4,45.15,1.24
2012-05-29,160.1,126.5,108,44.97,1.22
2012-05-30,154.2,127.5,105.41,44.45,1.09
2012-05-31,156,124.5,104.12,44.26,1.03
2012-06-01,153.2,123.5,98.8,43.36,0.97
2012-06-04,152,124.2,99.35,43.82,1.01
2012-06-06,154.8,124.5,100.69,44.8,1.11
2012-06-07,161,124.5,104.27,45.8,1.28
2012-06-08,157,123.8,100.89,46.17,1.23
2012-06-11,156.6,124.1,100.59,46.51,1.19
2012-06-12,153.3,122.7,97.81,46.82,1.3
2012-06-13,152.2,121.4,96.17,47.2,1.32
2012-06-14,149.2,122.5,94.33,46.84,1.3
2012-06-15,153.5,121.4,95.67,47.17,1.24
2012-06-18,153.5,121.2,94.08,47.26,1.25
2012-06-19,159.8,124,92.49,48.44,1.37
2012-06-20,166.1,122,93.88,48.95,1.45
2012-06-21,164,121.7,96.46,48.84,1.42
2012-06-22,163.5,122.2,93.48,48.07,1.44
2012-06-25,161,119.2,90.99,47.5,1.34
2012-06-26,154.7,117.8,87.61,47.07,1.39
2012-06-27,155.5,118.4,89.9,48.27,1.43
2012-06-28,153.5,118.2,90.45,47.02,1.37
2012-06-29,158,121,94.48,50,1.46
2012-07-02,159.9,123.8,95.97,50.9,1.36
2012-07-03,160.4,125,98.65,51.4,1.38
2012-07-04,159.6,125.1,98.9,52.2,1.29
2012-07-05,157.9,123.3,97.66,52.4,1.22
2012-07-06,155.1,121,93.78,51.9,1.14
2012-07-09,155.1,120.6,91.19,51.4,1.16
2012-07-10,157,120.3,91.59,51.9,1.13
2012-07-11,158.3,120,91.14,52.3,1.08
2012-07-12,156.7,119.6,91.29,51.3,1.05
2012-07-13,158.3,119.8,92.39,52.15,1.06
2012-07-16,160,120,93.83,52.75,1.02
2012-07-17,154.6,120.5,93.48,53.05,1.02
2012-07-18,156.5,123.4,94.48,54.1,1
2012-07-19,158.5,125.5,98.35,55.25,1.01
2012-07-20,156.3,128,95.92,54.15,0.97
2012-07-23,152.8,125,92.24,52.7,0.98
2012-07-24,153.5,122.3,92.19,53.15,1.03
2012-07-25,152.6,118.8,94.38,53.1,1.06
2012-07-26,156.8,120.4,94.72,54.7,1.12
2012-07-27,157.5,121.6,96.51,55.3,1.18
2012-07-30,158.6,121.8,97.36,56.9,1.17
2012-07-31,162.3,120,95.47,56.65,1.08
2012-08-01,161.9,119.2,96.17,56.65,1.18
2012-08-02,160.4,117.6,93.63,56.75,1.03
2012-08-03,166.6,118.5,95.47,57.7,1.21
2012-08-06,167.3,118.2,98.1,57.2,1.18
2012-08-07,168,118.4,98.2,56.45,1.24
2012-08-08,166,111,98.95,57.7,1.18
2012-08-09,166.4,110,102.68,58.35,1.2
2012-08-10,169,109.3,99.45,57.85,1.12
2012-08-13,167.8,108.7,100.04,57.4,1.16
2012-08-14,166.7,108.6,97.86,57.65,1.22
2012-08-15,168.6,109.3,97.26,58,1.3
2012-08-16,168.5,109.2,97.81,57.55,1.27
2012-08-17,168.8,108.8,98.85,58.25,1.23
2012-08-20,167,108.2,99.05,57.75,1.24
2012-08-21,169.8,108,102.93,57.7,1.3
2012-08-22,169.8,108.2,103.92,56.2,1.19
2012-08-23,170.2,107.7,104.42,55.55,1.1
2012-08-24,170,108.3,95.02,55.8,1.06
2012-08-27,170,108.2,93.48,56.6,1.09
2012-08-28,169,108.5,90.4,55.15,1.08
2012-08-29,174.1,108.8,92.49,54.95,1.14
2012-08-30,169.6,108.6,92.34,54.35,1.08
2012-08-31,169.5,109.2,96.41,54.95,1.1
2012-09-03,169.5,108.9,97.01,54.4,1.14
2012-09-04,167.8,107.9,96.96,53.35,1.16
2012-09-05,167.5,108,96.81,53.65,1.51
2012-09-06,168.7,108.8,101.54,55.5,1.58
2012-09-07,169.9,107.3,103.28,56.2,1.54
2012-09-10,168.5,105,101.69,55.9,1.57
2012-09-11,168,106.3,101.93,55.9,1.56
2012-09-12,169.1,103.8,103.77,56.55,1.65
2012-09-13,168.5,103.5,102.63,55.95,1.63
2012-09-14,170.7,103.9,104.42,57,1.77
2012-09-17,176.1,103.6,106.76,56.95,1.75
2012-09-18,176,103.8,103.08,57.05,1.72
2012-09-19,176,103.3,102.93,57.6,1.7
2012-09-20,176.1,104.6,103.13,57.8,1.66
2012-09-21,176.3,106.4,102.33,57.6,1.68
2012-09-24,174.7,105.9,101.54,57.9,1.62
2012-09-25,174.6,105.4,102.93,58.6,1.66
2012-09-26,169.7,103.2,100.44,57.25,1.51
2012-09-27,173.2,104.9,101.09,58.05,1.51
2012-09-28,172.4,107.8,100.44,57.5,1.49
2012-10-01,168.8,106,101.44,57.6,1.51
2012-10-02,166.5,106.9,101.44,56.8,1.52
2012-10-03,165.1,105.8,101.44,55.5,1.52
2012-10-04,165.4,107.1,100.94,55.5,1.51
2012-10-05,172,108.3,103.33,55.8,1.57
2012-10-08,169.9,107.4,102.58,54.9,1.52
2012-10-09,168.2,106.3,101.88,54.7,1.52
2012-10-10,167,105.6,101.04,54.05,1.54
2012-10-11,167.8,105.2,99,54.7,1.54
2012-10-12,167,104.8,98.45,54.3,1.49
2012-10-15,166.1,105.4,96.46,54.6,1.49
2012-10-16,170,105.9,97.21,54.95,1.56
2012-10-17,171.9,104.8,99.2,54.65,1.65
2012-10-18,176.3,103.7,101.93,55.2,1.65
2012-10-19,175.6,104,102.03,54.8,1.62
2012-10-22,178,103.5,100.24,54.4,1.64
2012-10-23,176.9,100.6,97.66,53.3,1.59
2012-10-24,176,101,97.06,51.8,1.59
2012-10-25,177,99.5,96.56,51.85,1.6
2012-10-26,176.5,99.65,94.48,52.45,1.54
2012-10-29,176,99.35,94.38,52.7,1.48
2012-10-30,175.8,101.2,95.62,52.75,1.52
2012-10-31,175.5,100.2,95.77,52.45,1.5
2012-11-01,176.3,99.05,96.76,52.05,1.47
2012-11-02,177.5,99,96.71,52.45,1.46
2012-11-05,173.5,98,95.97,52.05,1.44
2012-11-06,172.4,96.4,95.22,52.95,1.44
2012-11-07,171.4,101,94.03,52.4,1.39
2012-11-08,169.5,98.25,90,52.45,1.36
2012-11-09,167.4,98.75,89.65,51.9,1.35
2012-11-12,165,95.75,89.65,51.7,1.35
2012-11-13,162.7,97.25,88.31,51.4,1.35
2012-11-14,162.7,94.25,88.36,50.65,1.34
2012-11-15,160.5,93.85,86.02,50.55,1.35
2012-11-16,160.6,92.35,86.87,49.77,1.33
2012-11-19,162.3,93.1,87.22,51.35,1.36
2012-11-20,162,92.55,86.87,51,1.43
2012-11-21,162,93.2,88.86,51.3,1.39
2012-11-22,165.8,95,92.04,51.9,1.4
2012-11-23,165,96.15,92.78,52.45,1.41
2012-11-26,163.8,96.55,91.94,52.35,1.36
2012-11-27,164.6,96.5,93.73,52.1,1.38
2012-11-28,161.4,95.45,92.09,52,1.32
2012-11-29,164.3,95.05,93.98,52.5,1.33
2012-11-30,164,95.9,94.87,52.65,1.34
2012-12-03,164.5,94,95.37,52.7,1.38
2012-12-04,164.5,95.2,94.67,52.95,1.36
2012-12-05,165,97.4,97.46,52.85,1.31
2012-12-06,166.2,99.8,97.71,53.3,1.3
2012-12-07,166.5,99.2,97.81,53,1.3
2012-12-10,162.3,99.15,97.26,53,1.31
2012-12-11,161.3,98.2,97.06,53,1.34
2012-12-12,164.4,98.85,98.2,52.95,1.35
2012-12-13,162.4,98.95,97.36,52.05,1.4
2012-12-14,162.7,98.2,96.56,52.1,1.41
2012-12-17,160.5,97.45,95.77,51.95,1.43
2012-12-18,161.1,96.65,97.46,52.4,1.47
2012-12-19,160.3,82.15,100.94,52.7,1.49
2012-12-20,160.1,82.25,102.43,53.85,1.48
2012-12-21,159.2,81.65,102.43,53.8,1.44
2012-12-27,158.9,82,102.23,54.3,1.38
2012-12-28,157.1,82.9,101.19,54.15,1.38
2013-01-02,162.5,83.5,104.32,55.5,1.5
2013-01-03,163.2,83.9,105.41,55.55,1.54
2013-01-04,165.6,86.1,104.47,56.2,1.61
2013-01-07,169.2,87.4,106.41,56.5,1.58
2013-01-08,170,88,103.77,56.25,1.55
2013-01-09,170,88.95,102.33,56.55,1.54
2013-01-10,173.8,89.95,101.88,57.05,1.63
2013-01-11,174.5,90.4,98.95,57.25,1.66
2013-01-14,176.5,90,97.76,57.4,1.62
2013-01-15,176.9,89,97.06,56.35,1.58
2013-01-16,178.9,89,97.81,56.1,1.58
2013-01-17,179.1,88.5,97.96,56.5,1.65
2013-01-18,180.7,88,97.56,56.5,1.63
2013-01-21,182.2,88,97.66,56.75,1.68
2013-01-22,181,87.55,98.95,56.5,1.66
2013-01-23,180,87.5,99.3,56.05,1.63
2013-01-24,179.6,86.6,98.9,56.15,1.65
2013-01-25,178.7,87.2,99.1,56.75,1.72
2013-01-28,180.1,86.2,99.7,57.25,1.77
2013-01-29,178.8,87.05,98.85,57.35,1.78
2013-01-30,180.3,87.95,98.2,58.9,1.81
2013-01-31,179,86.9,96.71,60.65,1.79
2013-02-01,180.7,89.6,97.06,61.2,1.78
2013-02-04,177.2,89.15,95.17,61.55,1.74
2013-02-05,178.1,88.6,94.62,63,1.8
2013-02-06,175,89.65,94.52,62.6,1.77
2013-02-07,174,89.75,95.97,61.85,1.75
2013-02-08,178.8,90,96.07,63,1.76
2013-02-11,177.3,90.15,97.11,63.05,1.77
2013-02-12,176.5,90.25,98.06,64.15,1.8
2013-02-13,178,91.9,101.29,65.1,1.83
2013-02-14,178.5,91.5,100.94,65.25,1.8
2013-02-15,178.5,92.65,102.43,64.65,1.81
2013-02-18,178.8,93,100.94,65,1.78
2013-02-19,181.5,93.85,102.68,65.05,1.78
2013-02-20,181.5,94.05,103.18,65.95,1.82
2013-02-21,180,93.5,103.03,65.7,1.74
2013-02-22,181.8,94.35,102.78,65.55,1.73
2013-02-25,186,95.75,103.18,65.45,1.73
2013-02-26,187.6,94.95,101.44,64.65,1.63
2013-02-27,187,94.5,110.83,64.95,1.6
2013-02-28,189.9,96.85,114.27,66,1.6
2013-03-01,188.7,99.95,113.02,66.15,1.58
2013-03-04,191.1,99.75,111.73,66.55,1.58
2013-03-05,195.5,100.4,111.63,68.45,1.61
2013-03-06,194.3,100.4,113.77,67,1.62
2013-03-07,194.4,100.9,116.1,66.5,1.67
2013-03-08,198.5,100.8,117.4,67.95,1.69
2013-03-11,199.4,101.7,115.81,68.3,1.68
2013-03-12,200.6,101,116.5,68.55,1.66
2013-03-13,199,102.4,113.57,69.15,1.66
2013-03-14,201.7,102.3,114.12,69.75,1.66
2013-03-15,205.3,103.6,114.36,67,1.64
2013-03-18,200.6,102.3,113.62,66.7,1.58
2013-03-19,200.7,102,112.97,66.05,1.54
2013-03-20,201.5,103.3,112.57,66.25,1.57
2013-03-21,202.2,101.8,112.82,65.75,1.56
2013-03-22,199.9,99.9,107.2,65.55,1.57
2013-03-25,201,99.15,107.45,65.4,1.54
2013-03-26,199.5,108,107.3,65.8,1.54
2013-03-27,198,107.1,107.2,65.85,1.48
2013-04-02,199.3,109.3,106.56,67.95,1.5
2013-04-03,200,109.7,106.91,67,1.48
2013-04-04,197,111,106.81,65.05,1.44
2013-04-05,196.4,111.5,104.92,65.45,1.4
2013-04-08,196.6,113,104.42,64.65,1.43
2013-04-09,200.4,113.9,104.42,65,1.44
2013-04-10,206.3,114,107.6,67.35,1.48
2013-04-11,212.8,114.5,108.35,68.05,1.49
2013-04-12,211.3,114.9,107.06,67,1.44
2013-04-15,210.9,115,104.67,67.25,1.43
2013-04-16,210.7,113.7,103.57,66.5,1.45
2013-04-17,206.9,109.3,101.64,64.25,1.39
2013-04-18,206.3,112.3,101.44,63.4,1.39
2013-04-19,209.2,108.5,103.43,64,1.41
2013-04-22,211.8,109.4,101.44,63.5,1.39
2013-04-23,217.1,112.3,103.13,64.2,1.4
2013-04-24,215.7,112.8,103.57,63.6,1.38
2013-04-25,216.2,114.1,103.92,65.4,1.37
2013-04-29,224.5,113.5,104.17,67.15,1.33
2013-04-30,220.3,113.2,103.92,67.05,1.32
2013-05-01,225.5,113,103.92,66.7,1.34
2013-05-02,221,111.4,103.67,68.55,1.29
2013-05-03,230.1,113.4,104.17,68.35,1.36
2013-05-06,231.5,111.9,106.11,68.5,1.36
2013-05-07,232.4,111,110.69,69.05,1.42
2013-05-08,234.5,111.4,112.23,69.7,1.38
2013-05-13,234.9,112.3,112.77,68.2,1.47
2013-05-14,232,113.3,112.62,67.95,1.47
2013-05-15,232,112.8,114.22,68.4,1.48
2013-05-16,232.1,115.6,114.12,68.95,1.42
2013-05-17,234.4,115.8,113.12,70.15,1.4
2013-05-21,235.3,116,113.37,71.65,1.49
2013-05-22,235.4,115,116.7,72.95,1.47
2013-05-23,232.5,113,113.27,70.45,1.53
2013-05-24,232,112.8,113.37,70.55,1.49
2013-05-27,236,113.2,113.57,70.7,1.51
2013-05-28,238.2,113.2,114.66,72,1.56
2013-05-29,234.5,111.7,114.66,70.6,1.59
2013-05-30,234.6,112,115.06,71.55,1.57
2013-05-31,228.4,110.7,116.06,71.15,1.6
2013-06-03,228.9,109.2,114.66,70.8,1.65
2013-06-04,227,107,114.17,70.3,1.63
2013-06-06,221.9,107.5,115.36,67.65,1.65
2013-06-07,225.3,107.6,112.33,68.7,1.67
2013-06-10,225.5,106.9,112.52,67.4,1.68
2013-06-11,217.8,104,112.67,66.95,1.7
2013-06-12,216.7,104.2,109.99,67.2,1.69
2013-06-13,218.3,103.4,109.09,67.1,1.69
2013-06-14,219.6,103.5,109.54,67.8,1.61
2013-06-17,221,103.3,109.64,68.5,1.62
2013-06-18,220.2,101.2,109.19,67.85,1.67
2013-06-19,218,102.1,109.89,65.7,1.74
2013-06-20,212.9,101.2,108.8,63.1,1.8
2013-06-21,212,100.7,107.25,63.45,1.89
2013-06-24,210.6,97.8,103.62,60.3,1.96
2013-06-25,212.5,100.6,105.36,62.1,1.94
2013-06-26,216,101.5,105.71,63.9,1.89
2013-06-27,216,103.5,105.91,63.85,1.86
2013-06-28,216,102.2,103.52,64.05,1.86
2013-07-01,215.5,102,105.56,65.45,1.85
2013-07-02,216.3,101.9,105.71,65.35,1.85
2013-07-03,213.6,102.2,103.87,64.5,1.8
2013-07-04,221.8,103.9,106.16,66.2,1.82
2013-07-05,222,104.6,107.65,64.85,1.88
2013-07-08,230.3,104.8,109.79,65.65,1.86
2013-07-09,232.5,105.2,110.88,66.2,1.8
2013-07-10,232.9,107.5,111.08,66.15,1.79
2013-07-11,233,108.4,112.97,66.75,1.77
2013-07-12,233.5,112,114.31,66.95,1.76
2013-07-15,237.4,111.8,114.12,67,1.73
2013-07-16,234.2,112.9,114.61,66.7,1.69
2013-07-17,236.3,111.8,115.71,67.45,1.69
2013-07-18,240.1,111.5,117.99,70.15,1.65
2013-07-19,239.4,112.3,117.35,70.9,1.65
2013-07-22,240.2,112.4,117.7,71.15,1.66
2013-07-23,243,114,117.75,71.75,1.69
2013-07-24,244,114.8,118.84,71.8,1.78
2013-07-25,243.3,114.3,116.1,72.35,1.81
2013-07-26,240.2,114,115.56,71.8,1.85
2013-07-29,242.5,114.1,113.32,71.25,1.81
2013-07-30,245.1,114,113.57,71.55,1.85
2013-07-31,245.8,113,113.12,71.05,1.82
2013-08-01,252,113.8,115.46,72,1.79
2013-08-02,255.5,113,115.11,71.95,1.78
2013-08-05,253.9,114.5,114.96,72.2,1.8
2013-08-06,250.1,115,113.82,71.35,1.82
2013-08-07,254.6,115,111.53,71.5,1.81
2013-08-08,258,112.2,111.88,72.35,1.81
2013-08-09,261.5,114.6,111.88,73,1.83
2013-08-12,261,113.6,112.48,72.25,1.84
2013-08-13,266.7,113.5,113.67,72.3,1.95
2013-08-14,264.8,113,115.06,72.75,1.95
2013-08-15,265,112.5,112.87,71.3,2.02
2013-08-16,265.1,112,113.87,71.95,2.01
2013-08-19,271,112.7,114.12,71.6,2.03
2013-08-20,266.3,114,113.52,70.5,1.98
2013-08-21,260,114,124.21,68.4,2.03
2013-08-22,263,113.7,126.7,69.8,2.09
2013-08-23,264.6,109.5,124.31,70,2.11
2013-08-26,264.2,113.4,127.54,68.85,2.06
2013-08-27,260.9,111.8,123.51,67.25,2.02
2013-08-28,260,111.4,126.35,66.7,2.05
2013-08-29,263,113,126,66.9,2.03
2013-08-30,260.5,113.8,126.55,66.3,2.05
2013-09-02,262.5,113.8,128.44,67.15,2.1
2013-09-03,264,115.1,129.28,67.55,2.18
2013-09-04,261.5,115.2,128.44,67.25,2.13
2013-09-05,263,115,131.27,67.95,2.23
2013-09-06,265,115.1,131.77,67.25,2.14
2013-09-09,267.4,115.4,132.61,67.9,2.14
2013-09-10,271.5,116.7,134.5,69.25,2.22
2013-09-11,271,116.3,135.25,68.95,2.19
2013-09-12,272.1,116.3,134.25,68,2.14
2013-09-13,269.2,116.9,136.64,67.85,2.11
2013-09-16,270.5,118.2,137.98,67.9,2.08
2013-09-17,269.5,118.5,136.24,67.5,2.13
2013-09-18,274,117.4,138.23,67.6,2.16
2013-09-19,279.5,118,138.63,68.55,2.12
2013-09-20,278.9,119.5,137.29,68.5,2.11
2013-09-23,276.1,119.1,134.45,67.75,2.08
2013-09-24,277.6,119.8,137.24,68.3,2.01
2013-09-25,273,118.7,139.62,66.25,1.99
2013-09-26,273,119.7,138.58,67.2,1.99
2013-09-27,273,120,138.93,67.2,1.95
2013-09-30,273.8,120.2,136.19,66.3,1.97
2013-10-01,274.3,123.3,136.94,67.25,1.98
2013-10-02,274.8,122,137.93,67.1,1.98
2013-10-03,279.5,120.7,138.23,66.6,1.98
2013-10-04,285.5,119.5,138.53,66.05,2
2013-10-07,285.5,118.7,136.74,65.5,1.96
2013-10-08,288,114,136.39,65.5,1.95
2013-10-09,287.9,112.5,133.31,64.9,1.94
2013-10-10,292.9,114,134.35,65.6,1.99
2013-10-11,291.2,114.7,136.69,66.15,1.98
2013-10-14,288.5,113.2,134.01,65.85,1.98
2013-10-15,290.2,114,131.02,66.85,2.02
2013-10-16,294.2,113.6,132.02,68,2.05
2013-10-17,294.7,114.8,130.67,68.7,1.99
2013-10-18,299.5,117.4,133.66,69.1,1.96
2013-10-21,301.3,117.5,134.1,68.95,1.97
2013-10-22,307,117,136.14,70.15,1.91
2013-10-23,304.4,117,138.58,69.15,1.89
2013-10-24,307.3,116.5,136.49,69.7,1.87
2013-10-25,307.8,118.4,134.25,70.65,1.86
2013-10-28,304.2,118.7,134.25,71.25,1.85
2013-10-29,307.2,119.5,133.51,71.15,1.83
2013-10-30,307.2,118.9,133.26,71.3,1.77
2013-10-31,310.1,118.1,132.56,70.6,1.77
2013-11-01,306.1,119.6,131.52,70.45,1.77
2013-11-04,307.7,120.8,131.47,70.55,1.75
2013-11-05,301,121.3,132.96,69.2,1.82
2013-11-06,306,126.5,134.9,69.6,1.83
2013-11-07,315,117.9,134.75,69.5,1.75
2013-11-08,310.6,117.9,134.95,69.2,1.82
2013-11-11,307.9,118.9,134.75,68.9,1.83
2013-11-12,310.4,118.9,133.26,67.55,1.87
2013-11-13,307,119.6,134.06,67.2,1.82
2013-11-14,304.5,121.3,134.6,67.2,1.79
2013-11-15,304.5,120.3,133.76,67.05,1.8
2013-11-18,307.5,119.6,133.31,68.75,1.78
2013-11-19,304.5,118.1,132.51,68.5,1.81
2013-11-20,297.1,117,127.14,68.3,1.79
2013-11-21,298,117.4,126.8,68.05,1.83
2013-11-22,297.3,117,125.95,69.2,1.82
2013-11-25,295,118.2,126.5,69.65,1.79
2013-11-26,288.2,117.3,127.14,69.6,1.75
2013-11-27,288,118.9,127.14,69.95,1.77
2013-11-28,296.3,118.4,127.34,70.6,1.75
2013-11-29,296.8,120,127.49,70.65,1.75
2013-12-02,295.1,120.1,129.58,70.5,1.78
2013-12-03,289,122.1,128.29,69.2,1.76
2013-12-04,284.5,121.3,126.55,69.15,1.85
2013-12-05,279.1,121.6,125.5,68.45,1.9
2013-12-06,279.7,122.9,125.8,68.55,1.87
2013-12-09,282.4,123.7,126.45,69.15,1.89
2013-12-10,283.5,125.7,125.45,68.2,1.89
2013-12-11,283.6,131,125.06,67.75,1.87
2013-12-12,279,130.5,124.56,66.55,1.89
2013-12-13,275.4,129,124.46,66.7,1.9
2013-12-16,278,128,123.76,67.1,1.91
2013-12-17,276.2,127.6,124.06,66.75,1.89
2013-12-18,275.7,128.4,124.61,67.8,1.91
2013-12-19,276.9,130,125.3,68.65,1.93
2013-12-20,282.8,133.5,129.83,70.1,1.93
2013-12-23,284.4,134.3,130.92,70.6,1.94
2013-12-27,288,135.5,132.36,71.35,2.01
2013-12-30,292.5,137,133.06,72.05,1.99
2014-01-02,291.4,137.5,133.16,72,1.99
2014-01-03,289.3,137.3,136.04,72,2
2014-01-06,290.3,139.1,141.36,72.2,1.96
2014-01-07,298.5,138.6,143.95,73.05,1.94
2014-01-08,303.5,136.6,144.05,73.85,1.96
2014-01-09,308.7,138.8,146.59,74.05,1.97
2014-01-10,306.5,138.2,148.67,73.85,1.9
2014-01-13,307,137,148.57,74.2,1.89
2014-01-14,308,136.2,149.22,74.55,1.89
2014-01-15,311.8,136.4,151.36,76.6,1.9
2014-01-16,306,136,152.15,76.5,1.86
2014-01-17,304.5,136.5,153.7,77.35,1.84
2014-01-20,299.7,137.2,153.65,77.6,1.83
2014-01-21,298,136.6,155.64,76.55,1.83
2014-01-22,298.8,136.6,156.53,77.25,1.85
2014-01-23,298,136,156.13,77.15,1.81
2014-01-24,293.5,136.5,155.88,76.65,1.79
2014-01-27,281.7,134.6,151.46,75.2,1.78
2014-01-28,281,134.1,157.33,75.8,1.79
2014-01-29,277.5,134.7,157.62,74.05,1.76
2014-01-30,280,134.3,162.05,74.75,1.74
2014-01-31,282.9,137.1,160.01,73.8,1.7
2014-02-03,278.8,137.4,158.82,73.65,1.68
2014-02-04,281.7,136,157.43,73.25,1.69
2014-02-05,285.5,136.2,157.97,73.1,1.68
2014-02-06,289.1,132.3,160.31,73.55,1.73
2014-02-07,289.4,133.7,159.22,73.6,1.71
2014-02-10,293.7,136.5,161.6,74.4,1.72
2014-02-11,292.8,138.1,162.15,76,1.73
2014-02-12,294.6,140.2,163.94,76.35,1.75
2014-02-13,293.5,140,163.94,75.15,1.71
2014-02-14,299.9,141.5,166.33,74.75,1.72
2014-02-17,299.5,143.3,165.08,75.4,1.72
2014-02-18,299.7,143.5,164.19,74.5,1.71
2014-02-19,300,146.4,166.48,74.65,1.7
2014-02-20,300.7,147.3,167.17,74.2,1.73
2014-02-21,303.3,148,169.76,74.5,1.7
2014-02-24,307,153.4,169.31,75.5,1.72
2014-02-25,339.3,155.3,169.76,76.6,1.68
2014-02-26,326.1,154.8,174.48,76.8,1.65
2014-02-27,318.2,155.1,173.39,76.55,1.6
2014-02-28,325,157.6,181.49,77.4,1.67
2014-03-03,316.1,156,176.32,75.25,1.6
2014-03-04,322.8,161.4,180.5,76.7,1.65
2014-03-05,325.1,161.5,179.01,77.25,1.65
2014-03-06,319.5,162.7,177.56,77.45,1.67
2014-03-07,319.8,161.6,174.03,77,1.67
2014-03-10,317.7,161.6,172.79,77.25,1.64
2014-03-11,316.4,165,166.08,78.4,1.66
2014-03-12,312,163.9,163.09,77.15,1.61
2014-03-13,311.9,163.8,164.09,76.7,1.57
2014-03-14,304,163.5,160.61,74.35,1.57
2014-03-17,307.4,165.1,162.75,76.05,1.6
2014-03-18,306.5,167.5,160.91,77.4,1.6
2014-03-19,308.1,171,161.55,78,1.62
2014-03-20,307.6,168.7,158.62,77.75,1.67
2014-03-21,305.3,172.2,159.07,75.8,1.65
2014-03-24,299.6,172.2,155.78,75,1.61
2014-03-25,297,171.9,152.85,75,1.61
2014-03-26,295,172.6,156.28,74.65,1.61
2014-03-27,290.1,168,154.54,74.55,1.59
2014-03-28,288.9,167.9,156.23,74.6,1.6
2014-03-31,297.8,167,156.13,76.4,1.62
2014-04-01,313.9,168.5,162.1,78.1,1.63
2014-04-02,311.6,167.5,172.29,78,1.67
2014-04-03,307.9,162.1,170.85,78,1.65
2014-04-04,315,163,172.39,78.1,1.58
2014-04-07,308.6,157.5,170.9,76.6,1.57
2014-04-08,307.7,152.5,170.06,77,1.59
2014-04-09,311.3,153.9,172.04,76.75,1.61
2014-04-10,308.5,156,172.04,75.25,1.55
2014-04-11,306.8,152,168.81,74.95,1.53
2014-04-14,298.7,152.8,165.58,74.8,1.56
2014-04-15,300.4,151.4,162.1,73.2,1.51
2014-04-16,305,152.9,166.08,73.5,1.52
2014-04-22,313,157,170.06,75.25,1.58
2014-04-23,311,159.6,170.8,75.25,1.56
2014-04-24,307.5,159.2,171.4,75.15,1.57
2014-04-25,306.3,158.9,168.56,75.2,1.53
2014-04-28,304.5,158.7,167.77,74.9,1.55
2014-04-29,309.3,158.5,168.07,77.15,1.57
2014-04-30,295.5,156.8,168.56,76.85,1.54
2014-05-01,298.4,158,168.31,77,1.53
2014-05-02,295.9,158.6,172.54,75.9,1.52
2014-05-05,299.5,159,171.85,75.45,1.54
2014-05-06,298,154.1,171.55,75.7,1.54
2014-05-07,294,151.1,170.01,75.55,1.55
2014-05-08,296,153.5,169.71,77.35,1.53
2014-05-09,295.4,155.5,172.04,76.55,1.52
2014-05-12,304.1,156.8,172.79,76.75,1.54
2014-05-13,300.3,156.8,173.98,77.5,1.5
2014-05-14,299,156,180.99,77.85,1.44
2014-05-15,293,155.3,186.46,77.8,1.38
2014-05-19,289.9,153,185.72,77.4,1.4
2014-05-20,290,149.9,184.08,78.05,1.43
2014-05-21,294.6,146.5,183.38,78.95,1.46
2014-05-22,293.8,148.9,184.03,79.35,1.43
2014-05-23,294,147.9,184.72,79.25,1.44
2014-05-26,302,150,185.32,80.5,1.45
2014-05-27,302.2,148.8,186.36,81.05,1.42
2014-05-28,302.7,147.4,186.51,80.5,1.37
2014-06-02,308,145.8,187.36,80.85,1.41
2014-06-03,303.1,142,186.46,80.8,1.45
2014-06-04,305,142.5,189.45,81.95,1.47
2014-06-06,310.5,140.8,190.79,82.35,1.39
2014-06-10,314.2,145,189.1,81.8,1.44
2014-06-11,309,142.4,186.41,81.1,1.42
2014-06-12,313,140.6,186.07,80.35,1.42
2014-06-13,310.1,137.2,187.46,80.65,1.4
2014-06-16,308.2,138.3,187.21,80,1.39
2014-06-17,310,142.6,187.21,80.05,1.43
2014-06-18,311,145.9,187.96,79.75,1.41
2014-06-19,314.1,145.8,190.94,78.8,1.36
2014-06-20,310.8,145.1,192.03,79,1.38
2014-06-23,310.7,142.3,189.94,79.15,1.36
2014-06-24,305.6,143.5,188.7,78.65,1.36
2014-06-25,309.5,142.7,186.56,77.15,1.3
2014-06-26,308.8,143.9,185.37,76.8,1.29
2014-06-27,308.7,147.4,188.15,76.7,1.31
2014-07-01,315.1,136,186.56,78.25,1.62
2014-07-02,320.5,132.5,186.27,78.65,1.66
2014-07-03,321.8,135.2,189.35,77.55,1.65
2014-07-04,320,132.4,189.55,77.45,1.62
2014-07-07,320.8,131.5,184.57,77.15,1.62
2014-07-08,317.5,130.2,181.34,76.5,1.59
2014-07-09,315,126,178.96,76.85,1.59
2014-07-10,308.4,126,175.77,75.55,1.57
2014-07-11,309.3,125,175.08,75.55,1.57
2014-07-14,315.9,130.4,179.5,76.65,1.58
2014-07-15,312.1,131.5,177.61,76,1.57
2014-07-16,317.4,129.9,179.8,77.3,1.56
2014-07-17,317.7,128.6,180.75,75.75,1.53
2014-07-18,313.7,123.5,177.71,74.85,1.53
2014-07-21,310.5,124,177.51,74.65,1.52
2014-07-22,316.6,126.5,179.01,75.7,1.55
2014-07-23,317.6,126.9,180.5,75.65,1.52
2014-07-24,322,127.5,181.39,76.4,1.55
2014-07-25,321.6,126.6,177.76,77.05,1.52
2014-07-28,321,126.8,174.93,76.45,1.52
2014-07-29,324.8,127.6,174.53,76.8,1.49
2014-07-30,322.9,128,173.88,76.75,1.54
2014-07-31,316.1,127.6,174.03,75.1,1.54
2014-08-01,313,125,172.79,74.05,1.5
2014-08-04,312.3,122.8,172.79,73.45,1.49
2014-08-05,311,123,175.28,73.4,1.53
2014-08-06,307.7,120,172.69,72.5,1.46
2014-08-07,305.9,122.5,171.8,72.65,1.43
2014-08-08,304.4,120.8,166.82,71.95,1.4
2014-08-11,308.6,120.1,173.34,73.4,1.41
2014-08-12,312.7,119.8,174.88,73.35,1.42
2014-08-13,313.1,119.8,178.76,73.45,1.4
2014-08-14,312.4,119.3,175.77,72.8,1.38
2014-08-15,312.4,118.9,175.13,73.5,1.35
2014-08-18,315.4,118.6,177.41,73.5,1.39
2014-08-19,299.5,119.2,175.52,73.85,1.38
2014-08-20,300.7,119.4,167.32,73.7,1.36
2014-08-21,304.6,119.2,170.15,74.65,1.35
2014-08-22,303.8,118.3,166.62,74.75,1.35
2014-08-25,307.2,119.6,166.77,74.9,1.28
2014-08-26,307.6,120.4,169.66,75.05,1.27
2014-08-27,308.9,120.4,169.96,74.9,1.23
2014-08-28,306,119.7,169.76,73.35,1.2
2014-08-29,309,119.2,166.08,73.75,1.2
2014-09-01,311,117,165.13,73,1.18
2014-09-02,311.5,118.3,165.38,72.9,1.2
2014-09-03,312.4,119.6,166.48,73,1.23
2014-09-04,317.5,119.2,167.17,74.5,1.24
2014-09-05,317,118.9,167.57,73.15,1.2
2014-09-08,315.7,119.5,167.67,73.6,1.21
2014-09-09,314.2,120.1,165.28,72.35,1.28
2014-09-10,313,120.2,164.24,73.3,1.28
2014-09-11,313.3,120.8,163.59,72.45,1.28
2014-09-12,315,122,163.94,72.55,1.32
2014-09-15,312.5,122.3,162.75,72.35,1.3
2014-09-16,309.4,122,160.11,72.25,1.3
2014-09-17,311.6,123.8,160.56,73.6,1.3
2014-09-18,313.3,125.3,165.18,74.6,1.34
2014-09-19,315.5,128.1,167.22,75.55,1.3
2014-09-22,316.8,130.7,166.08,76.75,1.28
2014-09-23,311.3,129.1,160.71,76.7,1.27
2014-09-24,312.1,129.8,160.16,77.1,1.26
2014-09-25,312.1,131.3,159.51,75.8,1.23
2014-09-26,314.8,131.7,161.7,75.7,1.23
2014-09-29,313.6,131.5,160.56,74.65,1.23
2014-09-30,318.5,131.6,161.6,76.4,1.21
2014-10-01,321.5,131.3,156.88,76,1.17
2014-10-02,310.9,130.5,154.14,74.35,1.18
2014-10-03,315.3,131.3,154.09,75.35,1.19
2014-10-06,316.2,131.1,152.4,76.05,1.17
2014-10-07,311,128.5,151.16,74.2,1.17
2014-10-08,304.5,124.2,147.18,72.2,1.16
2014-10-09,305.1,122.5,146.44,71.4,1.17
2014-10-10,300.4,119,140.12,71.15,1.14
2014-10-13,295.5,116,137.19,71.1,1.14
2014-10-14,293.5,113.3,137.88,70.55,1.1
2014-10-15,284.8,115.7,135,68.9,1.01
2014-10-16,277.4,115.1,133.26,67.95,1.08
2014-10-17,290.4,119.6,138.48,71.45,1.12
2014-10-20,290.5,116.7,139.48,70.75,1.11
2014-10-21,299,117.8,147.68,73.95,1.13
2014-10-22,303.3,119.1,147.93,73.7,1.12
2014-10-23,306.9,121.9,149.17,74.3,1.15
2014-10-24,306.3,123.1,147.18,74,1.14
2014-10-27,310.8,124.6,147.23,73,1.12
2014-10-28,314.6,124.6,148.48,73.95,1.13
2014-10-29,313.3,126,151.41,74.5,1.15
2014-10-30,317,129.1,151.11,74.95,1.1
2014-10-31,320,126,153.1,75.5,1.09
2014-11-03,316.7,125.1,152.01,74.35,1.11
2014-11-04,313,125.7,152.65,73.9,1.06
2014-11-05,316.1,125,154.14,75.4,1.07
2014-11-06,314.2,128.9,155.29,74.35,1.05
2014-11-07,310.1,128,156.13,73.2,1.04
2014-11-10,306.3,127.8,156.38,74.05,1.06
2014-11-11,306.7,126.9,159.31,74.3,1.05
2014-11-12,302.8,126.8,159.71,72.15,1.03
2014-11-13,300.3,129.4,156.88,72.35,1.02
2014-11-14,304,128.2,156.83,72.65,1.02
2014-11-17,304.1,126.1,152.15,72.9,1.04
2014-11-18,305.5,126.1,157.13,73.8,1.03
2014-11-19,306.7,126.6,156.68,74.15,1.08
2014-11-20,302.2,126.5,157.13,73.55,1.05
2014-11-21,305.5,126.4,161.6,74.65,1.02
2014-11-24,307.5,128.4,162.3,75.5,1.03
2014-11-25,311.2,133,162.5,75.85,1
2014-11-26,309.9,133,163.09,75.75,0.97
2014-11-27,310.1,135,161.5,76.85,0.93
2014-11-28,308.9,134,161.8,74.7,0.93
2014-12-01,305,133.8,157.97,74.1,0.95
2014-12-02,308,132.4,159.36,74.05,0.99
2014-12-03,309.2,133,159.22,75.6,1.01
2014-12-04,307,131.4,157.33,74.45,1.04
2014-12-05,312,130.6,161.9,76,1.06
2014-12-08,310.2,130.7,164.09,75.65,0.99
2014-12-09,307.1,128.6,159.36,74.65,0.97
2014-12-10,306.8,127.4,158.12,74.85,0.96
2014-12-11,307.4,126.8,157.52,74.45,0.97
2014-12-12,301.5,123.6,154.59,72.3,0.91
2014-12-15,296.8,120.2,155.59,70.4,0.91
2014-12-16,292.9,119.8,154.89,68.2,0.88
2014-12-17,295.4,121.3,155.19,67.5,0.88
2014-12-18,300.9,122.6,157.57,69.05,0.91
2014-12-19,306.5,121.8,158.87,69.75,0.89
2014-12-22,308.8,124.7,162.99,70.35,0.9
2014-12-23,309,125.2,161.65,71.05,0.89
2014-12-29,312.2,124.7,163.49,71.6,0.84
2014-12-30,312.8,122.8,164.83,71.95,0.84
2015-01-02,316.1,126,168.86,71.6,0.8
2015-01-05,312,125,166.48,70,0.82
2015-01-06,307,122.3,165.48,70,0.76
2015-01-07,305,120.4,161.25,69.3,0.78
2015-01-08,305.5,123.9,161.6,69.65,0.8
2015-01-09,303.3,128.4,161.55,68.6,0.75
2015-01-12,302,127.1,161.6,68.55,0.74
2015-01-13,304.8,129.4,163.84,69.15,0.74
2015-01-14,300.5,126.1,160.06,68.55,0.71
2015-01-15,301.7,126.9,160.41,70,0.68
2015-01-16,302.8,128.8,160.61,70.9,0.65
2015-01-19,302.8,128.8,164.29,71.6,0.59
2015-01-20,303.5,128.7,162.6,72.55,0.53
2015-01-21,301.2,131.2,165.78,72.75,0.62
2015-01-22,305,128.4,165.73,76.05,0.54
2015-01-23,302.4,131.5,166.13,76.75,0.43
2015-01-26,302.8,134.2,171.1,76.9,0.47
2015-01-27,299.1,133.2,167.32,77.25,0.5
2015-01-28,297.8,134.2,167.17,81.85,0.47
2015-01-29,297.9,134.1,166.57,84.75,0.52
2015-01-30,298.9,134,168.51,84.25,0.39
2015-02-02,297.1,134.2,166.23,85.5,0.19
2015-02-03,305.5,134.2,169.06,86.3,0.25
2015-02-04,305.6,132.8,166.08,84,0.28
2015-02-05,303,127,176.22,84.1,0.24
2015-02-06,303,124.1,174.08,85.7,0.27
2015-02-09,299.4,124.6,174.03,83.6,0.23
2015-02-10,305.2,124.9,173.14,85.5,0.22
2015-02-11,298.2,125.5,171.15,84.05,0.13
2015-02-12,302,126.2,175.13,83.35,0.08
2015-02-13,306.4,126,174.83,85.05,0.15
2015-02-16,308.7,127.9,175.77,84.8,0.14
2015-02-17,305,129.6,175.67,85.1,0.18
2015-02-18,309,131.5,181.14,85.85,0.19
2015-02-19,308.8,131.6,181.69,85.75,0.21
2015-02-20,308.6,130,181.74,86.4,0.27
2015-02-23,317.1,130.7,184.48,87.2,0.31
2015-02-24,293.3,132.8,184.87,88.25,0.34
2015-02-25,287.5,132,187.16,87.75,0.33
2015-02-26,292.4,132.5,188.45,89.05,0.29
2015-02-27,288.7,132.5,198.65,89.7,0.32
2015-03-02,289.6,133.2,196.96,89.45,0.36
2015-03-03,291.9,133.2,197.8,89.15,0.38
2015-03-04,294.5,132,198.7,89.55,0.42
2015-03-05,296.7,145.2,202.87,89.8,0.4
2015-03-06,297,144.3,209.29,90.05,0.44
2015-03-09,291.5,142.1,209.59,90.35,0.37
2015-03-10,291.7,139.4,207.15,89.65,0.31
2015-03-11,292.2,139.6,207.25,91.2,0.32
2015-03-12,292.2,136,214.06,90.85,0.34
2015-03-13,291.1,136.6,221.22,90.95,0.34
2015-03-16,290.9,141.9,222.46,92.1,0.36
2015-03-17,289.8,139.3,220.77,91.2,0.36
2015-03-18,287.1,138.6,216.55,91.1,0.29
2015-03-19,289.5,141.2,219.33,92.85,0.3
2015-03-20,291.1,142.5,218.78,87.4,0.29
2015-03-23,292.6,145.4,218.78,86.4,0.33
2015-03-24,292.8,144.9,225.25,86.3,0.34
2015-03-25,292.8,144,221.37,85.75,0.34
2015-03-26,290.2,141.7,216.15,84.5,0.34
2015-03-27,291.3,144,219.48,84.65,0.33
2015-03-30,292.6,146,223.51,85.95,0.33
2015-03-31,292.9,146.5,221.22,85,0.31
2015-04-01,294.3,145.8,221.52,86,0.3
2015-04-07,298.1,149.1,225,86.65,0.32
2015-04-08,300.8,147.4,223.31,86.3,0.29
2015-04-09,305.5,148.5,223.81,86.45,0.29
2015-04-10,308.2,150.8,225.65,87,0.3
2015-04-13,313,151.2,224.65,88.3,0.3
2015-04-14,311.5,145,224.7,87.8,0.28
2015-04-15,318.6,144.9,224.25,88.1,0.25
2015-04-16,317.9,139.6,223.66,88.15,0.23
2015-04-17,316.1,132.8,219.38,85.75,0.23
2015-04-20,324.4,132.5,219.88,86.55,0.22
2015-04-21,327.7,135.7,220.77,87.65,0.25
2015-04-22,330.4,134.6,220.08,87.55,0.32
2015-04-23,336,130.1,216.55,88.95,0.32
2015-04-24,337.3,132.1,217.54,89.1,0.31
2015-04-27,338.7,131.9,221.07,89.45,0.32
2015-04-28,336,132,214.41,89,0.32
2015-04-29,323.5,128.6,211.57,86.5,0.44
2015-04-30,326.6,129.4,210.33,85.1,0.51
2015-05-04,325.6,129.6,209.24,85.5,0.61
2015-05-05,322,130.5,211.72,83.2,0.67
2015-05-06,321.4,156.4,209.29,82.5,0.75
2015-05-07,327,151.5,209.29,83,0.76
2015-05-08,329.4,147.1,212.32,85.75,0.72
2015-05-11,332.4,140.7,210.83,86.8,0.8
2015-05-12,329.3,139.8,209.73,85.25,0.88
2015-05-13,329,138.9,203.07,85.45,0.94
2015-05-18,327.4,135.9,203.87,86.5,0.87
2015-05-19,329.2,138.5,208.29,87.15,0.81
2015-05-20,334.4,138.1,205.86,88.3,0.83
2015-05-21,332.5,135.8,204.07,89,0.84
2015-05-22,331.6,136.5,204.31,89.85,0.8
2015-05-26,329.4,135.8,204.51,89.9,0.73
2015-05-27,328.1,134.1,203.87,90.6,0.73
2015-05-28,329.6,134.8,202.52,89.8,0.7
2015-05-29,327.5,132.8,199.69,89.1,0.66
2015-06-01,327.9,133.5,199.89,88.6,0.71
2015-06-02,327.7,132.5,198.99,87.7,0.89
2015-06-03,337.1,133.5,200.39,88.7,1.05
2015-06-04,335.1,132.2,197.55,88.15,1.01
2015-06-08,339.5,130.8,191.69,84.45,1.05
2015-06-09,334.2,129.9,189.6,84.6,1.12
2015-06-10,335.1,129.1,194.62,85.6,1.16
2015-06-11,334.9,131.5,198.15,86.2,1.06
2015-06-12,333.2,129.7,196.31,86.35,1.01
2015-06-15,325.5,128.4,189.2,84.4,1
2015-06-16,327.6,129.1,191.69,85,0.97
2015-06-17,326.7,131.1,189.9,84.9,0.99
2015-06-18,324.6,137.5,189.85,83.7,0.99
2015-06-19,327.8,136,191.83,84.7,0.97
2015-06-22,332,135.5,195.36,87.3,1.12
2015-06-23,335.4,133.4,193.77,87.8,1.1
2015-06-24,337.7,134,192.18,87.3,1.08
2015-06-25,339.5,131.5,191.93,87.65,1.09
2015-06-26,340.9,130.9,192.68,87.15,1.16
2015-06-29,335.5,130.5,190.49,85.4,1.03
2015-06-30,336.2,129,190.99,83.95,1
2015-07-01,341.1,135.4,193.33,85.7,1.05
2015-07-02,342.6,135.5,192.58,84.25,1.08
2015-07-03,340.7,136.3,189,83.85,1.03
2015-07-06,332.9,136,185.87,82.05,1
2015-07-07,324.3,136.7,181.79,82.15,0.9
2015-07-08,322.9,139,182.29,81.7,0.93
2015-07-09,326.3,141.8,184.52,82.85,0.98
2015-07-10,331.9,144.4,187.71,85.25,1.16
2015-07-13,339.1,155.8,193.62,87.5,1.1
2015-07-14,337.2,155.8,191.59,87.95,1.08
2015-07-15,337.4,154.2,191.69,88.7,1.01
2015-07-16,342.1,155,195.51,88.55,1.02
2015-07-17,339.3,156.9,194.47,87,0.98
2015-07-20,345.9,161,197.8,87.65,0.95
2015-07-21,342.3,159.4,196.66,86.95,0.97
2015-07-22,349.6,162.2,196.91,85.75,0.92
2015-07-23,353.9,164.5,196.16,84.6,0.92
2015-07-24,351.9,162.3,197.4,84.2,0.86
2015-07-27,349,159,190.54,82.85,0.86
2015-07-28,349.1,156.5,188.85,83.7,0.86
2015-07-29,350,159.9,190.34,83.45,0.9
2015-07-30,346.7,159.8,189.9,83.55,0.83
2015-07-31,354.8,160.6,189.3,84.5,0.83
2015-08-03,359.7,158.8,190.24,84.25,0.82
2015-08-04,360,160.8,192.23,83.35,0.83
2015-08-05,366.7,163,193.38,84.1,0.95
2015-08-06,365.7,163.1,192.38,84.1,0.9
2015-08-07,359.4,160,189.15,83.65,0.85
2015-08-10,361,164.9,191.64,84.95,0.89
2015-08-11,362.1,167.4,191.29,84.35,0.82
2015-08-12,357.8,162.5,184.03,81.35,0.79
2015-08-13,360,168.8,191.29,83.05,0.82
2015-08-14,364.8,165.8,191.93,82.5,0.86
2015-08-17,366,166.5,194.52,82.2,0.83
2015-08-18,383,168.9,195.66,82.05,0.85
2015-08-19,384.2,201,192.93,80.3,0.84
2015-08-20,376,197,198.9,78.95,0.81
2015-08-21,369,197.6,193.43,77.1,0.79
2015-08-24,348.9,192.5,175.67,73.65,0.83
2015-08-25,365.9,196.4,181.74,76.25,0.97
2015-08-26,364.8,203.1,182.64,76,0.94
2015-08-27,376.4,210,182.98,78.6,0.98
2015-08-28,371.4,209.2,181.39,78.7,0.98
2015-08-31,371.8,206.1,179.1,78.4,1.04
2015-09-01,364.9,198.6,176.37,76.35,1.04
2015-09-02,373.3,197.3,176.57,77.55,1.03
2015-09-03,384,199.4,180.75,79.85,0.97
2015-09-04,377.6,194.2,178.46,77.1,0.92
2015-09-07,376.1,197.1,175.67,77.05,0.93
2015-09-08,379.6,196.8,179.5,78.45,0.93
2015-09-09,382.1,199.5,181.04,79.55,0.96
2015-09-10,383.1,198,180.8,79.65,0.97
2015-09-11,381.3,198.1,179.5,79.9,0.94
2015-09-14,380.5,197.6,178.01,77.75,0.94
2015-09-15,375.3,199.5,179.1,78.5,1.03
2015-09-16,381.7,199,180.99,78.2,1.06
2015-09-17,382,197.6,181.49,78.65,1.07
2015-09-18,380,200.1,180.8,77.35,0.92
2015-09-21,382.3,200,180.9,78,0.95
2015-09-22,379.6,193.9,177.17,76.05,0.87
2015-09-23,377.7,188.1,176.97,75.35,0.87
2015-09-24,370.5,190.2,176.42,72.2,0.84
2015-09-25,385,185.7,175.67,75,0.91
2015-09-28,373.9,188.5,173.34,73.6,0.86
2015-09-29,368.8,182.5,171.8,72.95,0.85
2015-09-30,369.1,178,175.03,73.95,0.85
2015-10-01,368.2,187.8,175.77,75.1,0.84
2015-10-02,368.5,183.3,175.03,76.15,0.82
2015-10-05,369.4,185,180.45,77.9,0.87
2015-10-06,372,184.4,183.73,78.75,0.89
2015-10-07,374.3,190.3,184.77,79.1,0.89
2015-10-08,364.6,190,183.48,78.05,0.9
2015-10-09,360.8,189.3,187.11,78.3,0.91
2015-10-12,358,189.8,185.67,77.95,0.88
2015-10-13,356.2,190,181.44,77.25,0.88
2015-10-14,355.2,190.7,184.28,75.9,0.84
2015-10-15,355.8,193.4,183.68,76.5,0.86
2015-10-16,365.4,195.3,180.99,77.5,0.84
2015-10-19,368.1,200.1,182.29,78.5,0.86
2015-10-20,365.8,199.9,182.69,78.9,0.93
2015-10-21,364.9,199.5,183.73,74.6,0.87
2015-10-22,360.3,194.7,184.97,76.35,0.81
2015-10-23,365,194.1,186.41,78.55,0.83
2015-10-26,365.5,196,185.87,77.2,0.81
2015-10-27,351.2,200.6,182.54,76.55,0.77
2015-10-28,348.4,202.8,184.38,76.1,0.79
2015-10-29,336.8,200,184.38,74.85,0.88
2015-10-30,331.1,199.3,183.58,75.45,0.85
2015-11-02,324.6,203.5,188.2,76.9,0.89
2015-11-03,325,204.8,188.25,77,0.91
2015-11-04,325.6,212,191.24,77.65,0.92
2015-11-05,325,221,189.7,76,0.94
2015-11-06,333.4,222,189.7,76.1,1.03
2015-11-09,328.7,219.4,191.14,76.15,1
2015-11-10,326.8,218.4,189.2,75.9,0.95
2015-11-11,328.2,218.2,190.84,76.4,0.94
2015-11-12,326.5,216.9,170.3,76.35,0.91
2015-11-13,323.9,214.7,163.59,75.4,0.86
2015-11-16,322.4,213.5,166.97,75.4,0.87
2015-11-17,326.8,209.5,167.82,76.75,0.82
2015-11-18,330,209.4,168.22,77,0.79
2015-11-19,329.1,211.2,170.2,77.7,0.78
2015-11-20,324.3,212,172.09,77.1,0.78
2015-11-23,326,212.4,172.14,77.1,0.8
2015-11-24,321.5,211.2,169.06,75.7,0.79
2015-11-25,322.4,211.8,169.06,76.65,0.75
2015-11-26,317.6,212,170.06,77,0.74
2015-11-27,312,212.2,171.05,77.5,0.73
2015-11-30,321.1,214.5,173.49,77.5,0.74
2015-12-01,323,218,173.19,78,0.72
2015-12-02,322.7,217.5,174.58,78.9,0.75
2015-12-03,322.8,218,174.48,76.8,0.92
2015-12-04,320,212.8,173.78,75.55,0.94
2015-12-07,320,221.9,174.03,75.55,0.85
2015-12-08,312.9,220.3,171.75,74.45,0.83
2015-12-09,309.8,217.1,170.65,74.55,0.86
2015-12-10,307.9,217,170.65,73.3,0.82
2015-12-11,301.4,211.5,164.59,73.3,0.81
2015-12-14,297.5,211.3,161.6,71.45,0.85
2015-12-15,298.5,211.7,161.06,74.15,0.91
2015-12-16,296.6,211.5,167.27,73.35,0.95
2015-12-17,301.3,213.3,171.8,74.6,0.89
2015-12-18,299.5,212.1,170.35,73.7,0.84
2015-12-21,299.2,217.7,168.07,73.7,0.85
2015-12-22,299.5,218.9,170.06,73.75,0.9
2015-12-23,311.6,222.4,172.49,75.35,0.93
2015-12-28,311.4,230.2,174.13,75.35,0.88
2015-12-29,312.6,234.7,175.03,76.2,0.95
2015-12-30,312.1,235.4,177.46,75.8,0.95
2016-01-04,308.8,228.9,171.4,75.8,0.89
2016-01-05,308.5,240,172.69,73.75,0.87
2016-01-06,305.3,234.1,170.1,73.2,0.85
2016-01-07,306.2,232,167.02,72.55,0.89
2016-01-08,299.4,233.5,168.71,71.7,0.87
2016-01-11,294.1,226,164.59,71.9,0.9
2016-01-12,290.9,223.7,169.41,72.6,0.89
2016-01-13,290.4,227.4,169.06,73.2,0.86
2016-01-14,283.8,219.6,168.61,71.85,0.86
2016-01-15,272.7,215.6,164.24,69.6,0.83
2016-01-18,266.9,212.9,163.99,69.1,0.82
2016-01-19,267.1,216.9,163.69,69.5,0.83
2016-01-20,261.9,213.1,170.7,66.95,0.77
2016-01-21,265.7,215,178.71,68.1,0.74
2016-01-22,277.6,222,185.72,71.2,0.76
2016-01-25,284.9,229.7,186.07,71.05,0.75
2016-01-26,297.1,230.1,189.94,72.25,0.72
2016-01-27,296.6,230.3,188.55,68.5,0.73
2016-01-28,291.6,221.9,186.71,67,0.7
2016-01-29,301.3,223,189.5,68.8,0.62
2016-02-01,296.2,220.4,189,68.65,0.64
2016-02-02,287.1,220.8,186.56,66.75,0.61
2016-02-03,279.4,216.9,184.28,65.25,0.58
2016-02-04,295.9,232.3,183.08,66.95,0.6
2016-02-05,291.7,224.4,184.33,65.35,0.6
2016-02-08,278.2,210.5,170.9,62.95,0.54
2016-02-09,269.4,206.9,163.09,61.1,0.56
2016-02-10,286.9,226.7,168.71,64.65,0.57
2016-02-11,278.1,223.5,168.56,61.25,0.53
2016-02-12,279.6,233.8,172.49,62.65,0.6
2016-02-15,297.9,240.5,183.38,65.65,0.57
2016-02-16,299.3,234.9,184.97,65.55,0.6
2016-02-17,300.7,241.9,189.7,67.4,0.6
2016-02-18,298.4,246.1,191.39,66.95,0.56
2016-02-19,295,243.8,188.95,65.9,0.54
2016-02-22,300.8,249.7,191.49,68.1,0.52
2016-02-23,301.9,255,188.95,67.65,0.53
2016-02-24,287.3,248.8,187.96,65.9,0.51
2016-02-25,295.5,248,191.64,67.25,0.49
2016-02-26,299.7,252.3,173.59,68.35,0.5
2016-02-29,299.2,257.3,182.93,67.9,0.46
2016-03-01,298.5,254.4,184.72,69,0.52
2016-03-02,309,247,183.53,70.15,0.57
2016-03-03,307.5,239.7,182.54,70.05,0.53
2016-03-04,311.6,239.9,180.99,70.25,0.57
2016-03-07,309.3,235.8,183.88,69.4,0.59
2016-03-08,305.3,230.9,181.24,69.1,0.55
2016-03-09,309.1,231.6,180.99,69.95,0.61
2016-03-10,308.7,232,182.49,70.55,0.67
2016-03-11,317.2,240.5,184.23,72.55,0.63
2016-03-14,315.3,245.4,182.93,72.6,0.64
2016-03-15,311.4,246.2,180.5,72.1,0.67
2016-03-16,311.7,245.1,180.05,71.9,0.6
2016-03-17,301.3,239.7,181.39,70.05,0.55
2016-03-18,303.1,240.5,182.49,66.15,0.52
2016-03-21,303.4,239.2,185.62,65.65,0.52
2016-03-22,301.8,246.1,186.22,64.85,0.5
2016-03-23,300.7,248,186.66,64.25,0.48
2016-03-29,296.3,230,179.75,62.65,0.42
2016-03-30,302,221.3,185.47,63.7,0.45
2016-03-31,295.6,216.2,187.86,62.75,0.45
2016-04-01,299.3,215.3,184.28,62.6,0.43
2016-04-04,298,222.8,186.27,62.05,0.42
2016-04-05,291.2,225.1,189.9,59.9,0.38
2016-04-06,287.9,231,188.95,60.25,0.4
2016-04-07,278.5,233.3,191.69,59.65,0.36
2016-04-08,279.8,238.1,191.73,61.2,0.36
2016-04-11,279.9,235.8,192.63,61.65,0.38
2016-04-12,275.5,230.1,188.8,61.35,0.43
2016-04-13,283.1,225.1,188.4,63.4,0.39
2016-04-14,284.9,226,190.24,63.7,0.42
2016-04-15,283.4,224.6,188.01,63.2,0.38
2016-04-18,281.4,222.3,188.2,63.15,0.42
2016-04-19,280.1,224.9,191.44,64.4,0.43
2016-04-20,282.9,221.3,186.46,64.7,0.42
2016-04-21,281.6,219.5,187.66,65.85,0.51
2016-04-25,279.5,228.9,187.11,64.25,0.53
2016-04-26,282.8,220.6,186.71,64.55,0.56
2016-04-27,281.6,223,186.17,64.85,0.56
2016-04-28,267.6,218.8,183.98,65,0.53
2016-04-29,266.1,217.1,184.13,63.1,0.56
2016-05-02,263.9,219.7,184.97,63.05,0.55
2016-05-03,258.4,217.2,183.98,61.35,0.49
2016-05-04,256.5,218.3,183.73,60.55,0.48
2016-05-09,256,231.7,180.25,60.85,0.41
2016-05-10,258.6,235.6,183.83,61.55,0.4
2016-05-11,256.4,240.9,181.99,61.1,0.4
2016-05-12,255.4,239.2,181.99,60.25,0.45
2016-05-13,255.2,240.2,180.45,60.65,0.42
2016-05-17,255.4,237.6,179.95,61.15,0.44
2016-05-18,253.9,239.8,178.51,61.5,0.48
2016-05-19,254.5,245.3,177.51,61.3,0.48
2016-05-20,257.3,252.4,179.3,62.05,0.48
2016-05-23,258.3,256.3,180.6,61.45,0.48
2016-05-24,259.8,257.3,180.7,63.3,0.47
2016-05-25,267.5,261,181.39,65.45,0.45
2016-05-26,265.8,262.6,181.24,65.35,0.42
2016-05-27,270.5,259.2,183.98,65.8,0.43
2016-05-30,270.5,262.3,182.64,65.75,0.46
2016-05-31,268.5,263,182.59,64.8,0.42
2016-06-01,267.5,261,181.84,64.55,0.43
2016-06-02,267,260.1,181.49,64.75,0.4
2016-06-03,263,259.6,180,63.95,0.36
2016-06-06,265.1,259,181.09,63.15,0.37
2016-06-07,271.9,257.7,181.24,65.05,0.34
2016-06-08,266.6,256.5,181.39,64.25,0.35
2016-06-09,261.7,254.8,179.45,63.25,0.32
2016-06-10,251.7,247.8,175.08,61,0.28
2016-06-13,250.1,247.3,171.99,60.35,0.29
2016-06-14,249.8,238.5,170.3,58.85,0.28
2016-06-15,256.3,240.7,170.3,59.75,0.21
2016-06-16,251.9,236.2,164.54,58.3,0.21
2016-06-17,261.9,238.1,167.07,60.4,0.22
2016-06-20,267.5,236.3,172.04,62.7,0.28
2016-06-21,270.4,235.5,168.71,62.15,0.27
2016-06-22,268.7,235.2,167.82,62.55,0.27
2016-06-23,275,239.1,170.15,59.05,0.34
2016-06-24,257,236.5,165.93,56,0.18
2016-06-27,240.8,234.7,158.17,53.9,0.12
2016-06-28,248.6,238.7,160.86,55,0.12
2016-06-29,251.2,247,161.35,55.55,0.11
2016-06-30,252.8,249.8,167.72,55.8,0.19
2016-07-01,255.4,249.2,167.62,56.35,0.12
2016-07-04,252,257.5,169.01,55.4,0.1
2016-07-05,244.4,253.6,161.95,53.7,0.06
2016-07-06,237.8,252.8,158.32,52.5,0.07
2016-07-07,245.7,268.8,159.96,53.6,0.08
2016-07-08,254.6,266.1,161.55,55,0.05
2016-07-11,256.7,269.1,163.39,55.8,0.08
2016-07-12,262.7,267.5,164.24,56.65,0.16
2016-07-13,263.2,265.8,161.4,56.3,0.1
2016-07-14,265.5,262.1,162.1,56.9,0.13
2016-07-15,264.4,261.3,161.1,57.45,0.17
2016-07-18,263.8,264.7,162.1,57.85,0.14
2016-07-19,264.8,268.4,162.35,57.6,0.13
2016-07-20,269,274,164.09,59.55,0.15
2016-07-21,269.7,270.4,164.69,59.4,0.15
2016-07-22,269.5,270.5,164.88,58.7,0.14
2016-07-25,269.4,267.1,164.24,59.35,0.12
2016-07-26,271.2,274.6,169.06,59.25,0.13
2016-07-27,273.4,269.2,169.91,59.35,0.09
2016-07-28,271.1,271.5,171.85,58.65,0.08
2016-07-29,276.7,270.5,170.7,59.5,0.09
2016-08-01,273.7,274.9,170.15,58.7,0.07
2016-08-02,269.1,276.5,170.25,57.95,0.13
2016-08-03,268.3,273.3,171.25,57.95,0.15
2016-08-04,273.7,274.1,171.5,58.75,0.08
2016-08-05,278,273.7,175.77,59.65,0.12
2016-08-08,277.9,271,175.18,60.05,0.1
2016-08-09,281.9,273.4,175.77,61.35,0.09
2016-08-10,281.8,273.5,174.03,61.5,0.06
2016-08-11,283.3,267.1,178.51,62,0.1
2016-08-12,285.6,267,179.01,61.85,0.08
2016-08-15,283.9,278.5,180.99,61.75,0.11
2016-08-16,277.2,274.3,179.4,61.15,0.12
2016-08-17,278.3,270.5,178.81,60.5,0.11
2016-08-18,285.1,268.4,196.86,60.75,0.06
2016-08-19,288.7,268.1,188.7,60.2,0.1
2016-08-22,296,275.9,187.81,60.2,0.05
2016-08-23,298.5,277,190.74,61.15,0.02
2016-08-24,307.8,277.7,191.14,62.15,0.04
2016-08-25,310,276.7,190.34,61.9,0.06
2016-08-26,312.3,274.9,193.97,62.2,0.06
2016-08-29,313.9,271.6,194.02,62.1,0.04
2016-08-30,320.4,274.3,194.92,63.3,0.02
2016-08-31,320.3,266.6,194.87,65.25,0.04
2016-09-01,322,264.5,197.6,65.15,0.04
2016-09-02,325.2,266.4,197.4,66.3,0.1
2016-09-05,325.3,269.1,194.32,66.35,0.04
2016-09-06,315.6,268.7,193.92,65.8,0
2016-09-07,316.4,271.1,196.21,66.4,-0.02
2016-09-08,316.7,269,196.41,66.7,0.03
2016-09-09,316.3,258.6,188.1,66.7,0.1
2016-09-12,316.2,259.3,187.86,65.9,0.11
2016-09-13,316,257.4,187.36,65.45,0.13
2016-09-14,314,259.4,187.96,65,0.1
2016-09-15,315.8,259.5,187.91,65.6,0.1
2016-09-16,313.7,263.3,186.66,65.1,0.07
2016-09-19,311.2,267.8,186.71,65.55,0.08
2016-09-20,309.6,271.2,185.07,66.1,0.07
2016-09-21,313.2,269.3,211.87,66.15,0.09
2016-09-22,314.4,271.7,211.92,66.75,0
2016-09-23,311.5,230.1,212.22,66.2,0.01
2016-09-26,308.7,228.3,210.73,65.05,-0.01
2016-09-27,306.5,228.1,210.58,64.1,-0.02
2016-09-28,309.6,224.8,211.08,64.55,-0.02
2016-09-29,308.3,219.4,214.66,65.65,-0.01
2016-09-30,309,217.1,212.52,65.2,0
2016-10-03,313.6,217.6,211.33,67.65,0.03
2016-10-04,317.6,215.6,210.43,68.4,0.07
2016-10-05,317.1,219.6,217.19,68.75,0.11
2016-10-06,325,216.7,217.54,69.55,0.1
2016-10-07,323.9,216.8,214.01,69.35,0.12
2016-10-10,324.7,222.2,218.29,69.5,0.18
2016-10-11,322.3,219.9,223.76,67.4,0.15
2016-10-12,322.9,219.1,223.76,68.15,0.18
2016-10-13,321.8,217.1,223.41,67.15,0.15
2016-10-14,326.7,220.8,228.58,68.75,0.19
2016-10-17,327.2,217.9,223.76,68.85,0.18
2016-10-18,333.2,218.6,225.75,70.15,0.16
2016-10-19,326.6,221.7,226.29,70.4,0.16
2016-10-20,330.9,224,222.81,70.2,0.14
2016-10-21,334.1,226.1,227.09,70.85,0.14
2016-10-24,336.4,222.9,226.69,71.2,0.16
2016-10-25,338.5,218.8,226.04,71,0.16
2016-10-26,338.7,218.7,226.44,72.1,0.23
2016-10-27,324,220.1,226.34,71.4,0.31
2016-10-28,310.2,215.9,227.73,71.55,0.29
2016-10-31,307.5,218.5,226.94,71.4,0.29
2016-11-01,302.8,215.1,223.26,70.25,0.31
2016-11-02,293.5,226.4,222.07,68.95,0.24
2016-11-03,296.3,242.1,218.39,69.4,0.27
2016-11-04,293.9,240.3,214.81,68.35,0.23
2016-11-07,297,241.1,215.55,69.7,0.26
2016-11-08,296.6,246.9,215.85,70.4,0.28
2016-11-09,298.8,257.2,215.1,70.8,0.31
2016-11-10,305.9,255.5,218.29,72.15,0.38
2016-11-11,307.3,260,219.98,72.55,0.42
2016-11-14,309.9,260.8,227.78,72.75,0.44
2016-11-15,312.5,261.6,233.25,73.2,0.41
2016-11-16,311.3,260.9,231.41,72.95,0.47
2016-11-17,310,263.7,231.46,73.15,0.41
2016-11-18,316.3,265.8,230.72,73.6,0.41
2016-11-21,317.6,264.4,230.87,73.55,0.4
2016-11-22,317.5,263.2,230.42,74.6,0.37
2016-11-23,314.5,264,228.73,74.3,0.42
2016-11-24,311.6,266.1,235.19,74,0.39
2016-11-25,312.3,267.9,233.75,73.85,0.37
2016-11-28,305.4,268.7,234.65,72.3,0.33
2016-11-29,310.7,264.4,237.38,73,0.37
2016-11-30,306.4,267.6,237.68,73.4,0.41
2016-12-01,309,264.1,239.52,73.05,0.48
2016-12-02,307.6,268.6,235.19,72.85,0.4
2016-12-05,311.8,265.9,236.44,73.4,0.45
2016-12-06,319.4,258.8,235.69,74.4,0.48
2016-12-07,319.2,258,235.69,75.4,0.46
2016-12-08,327.7,261.2,239.67,77,0.49
2016-12-09,331.3,270.3,236.83,78.5,0.48
2016-12-12,330.7,268.6,237.43,78.15,0.52
2016-12-13,333.2,271.5,234.4,78.7,0.48
2016-12-14,334.4,271,234.05,77.6,0.46
2016-12-15,340.7,275.5,242.9,78.85,0.48
2016-12-16,340,279.6,241.96,79.05,0.45
2016-12-19,335.2,276.8,239.92,78.45,0.39
2016-12-20,336.8,273.5,240.91,78.3,0.39
2016-12-21,336,279,243.45,78.95,0.39
2016-12-22,338,274.6,241.66,78.65,0.42
2016-12-23,336.3,277.5,242.06,78.8,0.36
2016-12-27,338.8,284.9,243.15,78.8,0.33
2016-12-28,336.3,283.9,246.83,78.85,0.34
2016-12-29,335.7,285.3,244.24,78.5,0.32
2016-12-30,336.7,287.3,248.07,78.65,0.34
2017-01-02,343.9,295.5,249.61,79.1,0.32
2017-01-03,342.8,294.2,252.1,80.3,0.39
2017-01-04,338.1,289.9,252.1,80.15,0.4
2017-01-05,337.2,296.8,252.6,79.5,0.38
2017-01-06,337.3,299.9,251.6,79.7,0.41
2017-01-09,328.9,299.8,250.86,77.2,0.4
2017-01-10,328.2,302.6,252.1,76.7,0.39
2017-01-11,327,304.5,251.35,76.9,0.36
2017-01-12,330.7,295,253.09,77.45,0.34
2017-01-13,336.8,299.3,254.83,79,0.37
2017-01-16,334.4,295.7,254.59,78.9,0.35
2017-01-17,335.5,294.9,252.6,78.75,0.35
2017-01-18,334.5,296,253.09,79.15,0.38
2017-01-19,343.7,297,258.56,79.5,0.39
2017-01-20,343.7,293,258.07,80.9,0.43
2017-01-23,341.5,290.8,259.81,80.25,0.39
2017-01-24,342.5,288,259.31,81,0.42
2017-01-25,352.5,285.4,261.55,83.25,0.5
2017-01-26,355.6,287,262.04,84.15,0.53
2017-01-27,355.4,291.6,265.52,83.35,0.51
2017-01-30,353.4,293.5,260.55,83.25,0.49
2017-01-31,354,295.2,264.28,83,0.48
2017-02-01,359.9,298.3,265.52,83.25,0.51
2017-02-02,360.6,299.1,268.26,83.5,0.46
2017-02-03,368.8,300.7,268.26,83.75,0.46
2017-02-06,364,305,266.77,83.3,0.42
2017-02-07,368.8,305,266.77,84.2,0.4
2017-02-08,366.8,289.5,266.02,84.15,0.35
2017-02-09,369.2,293,267.51,84.7,0.37
2017-02-10,368.9,294.4,268.51,84.75,0.38
2017-02-13,370.9,292.2,271.24,85,0.39
2017-02-14,375.3,290.2,274.23,84.95,0.42
2017-02-15,381.4,288.7,278.7,85.5,0.42
2017-02-16,378.2,289.7,268.51,85.3,0.39
2017-02-17,376.8,287.7,265.77,85.45,0.35
2017-02-20,372.9,287.5,262.54,85.6,0.34
2017-02-21,372.8,293.1,260.55,85.7,0.35
2017-02-22,363.2,296.1,263.04,83.95,0.31
2017-02-23,364,298.4,259.06,83.75,0.27
2017-02-24,359.1,292.9,250.61,82.95,0.22
2017-02-27,361.1,286.1,246.08,81.9,0.23
2017-02-28,361.3,286.4,246.18,82.1,0.21
2017-03-01,371.1,292,253.09,83.05,0.28
2017-03-02,368.2,294.7,249.12,82.6,0.31
2017-03-03,371.7,294.2,245.09,83.3,0.35
2017-03-06,368.9,290.6,243.2,83.25,0.36
2017-03-07,368.6,291.7,243.2,83.4,0.31
2017-03-08,371,290.9,246.63,83.5,0.37
2017-03-09,372,292,241.31,84.45,0.42
2017-03-10,374.8,294.7,248.12,84.65,0.47
2017-03-13,374.9,299.1,244.64,84.6,0.47
2017-03-14,371.9,304.9,246.33,84.1,0.74
2017-03-15,373.7,302.8,250.86,84.1,0.71
2017-03-16,375.2,303.3,252.85,84.7,0.73
2017-03-17,374.9,307.4,254.59,80.4,0.7
2017-03-20,370.6,308.3,253.34,79.45,0.72
2017-03-21,363.5,308.2,251.35,78.3,0.74
2017-03-22,359.6,311,250.11,77,0.71
2017-03-23,359,317.9,252.6,78.5,0.72
2017-03-24,354.9,318.4,253.59,78.6,0.7
2017-03-27,353.4,316.8,251.6,77.95,0.7
2017-03-28,355.1,320,250.11,78.1,0.67
2017-03-29,352.7,322.1,250.11,78.2,0.64
2017-03-30,351.7,326.1,253.59,78.9,0.62
2017-03-31,352.8,323.4,254.34,79.9,0.62
2017-04-03,354.2,323.6,256.08,79.4,0.57
2017-04-04,351.8,331.4,255.08,78.25,0.55
2017-04-05,357.6,331.3,256.57,78.95,0.55
2017-04-06,355.1,333.2,254.09,79.1,0.55
2017-04-07,353,334.4,255.08,78.65,0.53
2017-04-10,351.8,339.3,255.33,78.7,0.52
2017-04-11,349.1,337.4,251.35,78.4,0.51
2017-04-12,350.5,340,253.09,79.15,0.51
2017-04-18,344.6,338,249.36,78.15,0.49
2017-04-19,347.5,336.5,252.1,78.85,0.52
2017-04-20,345.6,346,255.83,79.35,0.56
2017-04-21,343.5,341.8,256.57,79.7,0.56
2017-04-24,349.9,347.9,259.56,81.55,0.65
2017-04-25,355.8,351.3,267.02,81.95,0.67
2017-04-26,356.6,353.3,268.51,81.2,0.66
2017-04-27,357.5,357.3,267.27,81.15,0.6
2017-04-28,364.9,350,267.76,84.05,0.62
2017-05-01,367.8,355.8,266.27,83.9,0.62
2017-05-02,355,336.4,272.98,84.95,0.62
2017-05-03,353.3,316,269.75,85.7,0.61
2017-05-04,357.6,320.1,270,86.7,0.69
2017-05-05,363.2,321.4,273.48,86.45,0.7
2017-05-08,361.6,320,268.01,85.85,0.7
2017-05-09,357.7,325.6,270.5,86.2,0.72
2017-05-10,359.7,336,268.01,86,0.69
2017-05-11,362.2,340.1,271.24,86.45,0.71
2017-05-15,362.5,343.1,272.73,86.3,0.71
2017-05-16,357.3,341.6,269.75,85.85,0.71
2017-05-17,349.3,336.1,278.7,84.35,0.67
2017-05-18,352.6,335,277.21,86.05,0.64
2017-05-19,357,338.3,276.22,87.4,0.66
2017-05-22,355.6,343.7,272.49,86.3,0.68
2017-05-23,357,350.1,270.25,87.2,0.69
2017-05-24,355.4,349.9,267.51,87.65,0.69
2017-05-29,352.7,343.7,269.5,86.55,0.59
2017-05-30,352.7,347.2,270.99,85.85,0.56
2017-05-31,354.4,353.3,270.75,85.7,0.59
2017-06-01,360,342.5,273.98,84.85,0.59
2017-06-02,370,342.9,275.22,84.65,0.56
2017-06-06,360.4,350.3,273.23,84.45,0.54
2017-06-07,362,346.9,274.23,84.95,0.54
2017-06-08,362.5,348.5,274.23,84.65,0.54
2017-06-09,365.1,349.5,274.72,85.35,0.54
2017-06-12,366.1,344.3,267.76,84.95,0.51
2017-06-13,368.1,349,270.75,84.85,0.52
2017-06-14,368.4,350.8,271.49,84.8,0.49
2017-06-15,368.8,350,268.01,84.75,0.54
2017-06-16,367.6,364.7,269.75,84.4,0.54
2017-06-19,371.1,368.7,273.73,85.35,0.54
2017-06-20,371.2,370.2,270.25,84.5,0.52
2017-06-21,369.2,374.8,271.99,83.6,0.52
2017-06-22,370,386,268.51,82.25,0.49
2017-06-23,368.8,373.2,268.01,82.55,0.49
2017-06-26,366,371.5,270,82.8,0.47
2017-06-27,367.2,365.9,266.27,82.2,0.58
2017-06-28,369.2,368.2,263.78,83.65,0.58
2017-06-29,377.1,362.5,257.57,84.2,0.65
2017-06-30,377,365.4,259.56,83.15,0.66
2017-07-03,386.4,367.5,260.55,85,0.68
2017-07-04,381.4,369.1,259.06,84.7,0.67
2017-07-05,383.3,376.2,261.55,84.95,0.65
2017-07-06,383.1,369.4,260.8,84.45,0.75
2017-07-07,384.5,387.1,263.78,83.9,0.77
2017-07-10,386,395.5,267.02,84.75,0.72
2017-07-11,387.9,386.5,267.51,85.05,0.72
2017-07-12,386.8,376.3,270.5,86.85,0.69
2017-07-13,386.4,373.1,273.23,87.3,0.73
2017-07-14,385.2,371.6,273.48,88,0.71
2017-07-17,385.5,374.4,275.97,88.7,0.69
2017-07-18,387.1,371.1,274.72,86.65,0.67
2017-07-19,385.5,376,276.46,85.95,0.66
2017-07-20,387.5,384.2,274.97,81.3,0.66
2017-07-21,384.5,383.8,268.51,80.15,0.64
2017-07-24,385,378.6,270.99,80.3,0.63
2017-07-25,389.5,380.6,272.98,79.95,0.69
2017-07-26,392.8,391.8,272.98,80.9,0.68
2017-07-27,398,384,275.72,80.65,0.65
2017-07-28,395,370.2,270.75,80.3,0.66
2017-07-31,393.7,377.5,274.72,79.65,0.66
2017-08-01,394,373.9,277.21,80.2,0.61
2017-08-02,392.5,370.7,272.24,79.55,0.61
2017-08-03,388.3,376,268.51,79.25,0.58
2017-08-04,393.9,381,269.5,80.85,0.6
2017-08-07,393.8,386.8,270.5,80.1,0.6
2017-08-08,389.9,383.7,271.74,81.2,0.62
2017-08-09,387.3,365,269.25,80.55,0.57
2017-08-10,385.1,376,265.28,80.2,0.56
2017-08-11,380.5,371.8,266.02,80,0.53
2017-08-14,390.2,367.9,269.75,81.1,0.55
2017-08-15,390.1,376.6,270,81.3,0.56
2017-08-16,387.6,380.5,274.23,81.7,0.57
2017-08-17,379.6,382.9,278.45,79.95,0.55
2017-08-18,382.1,375.8,270.99,80.05,0.54
2017-08-21,383.5,379.2,259.81,79.6,0.53
2017-08-22,384.6,392.9,260.55,80.75,0.53
2017-08-23,380.1,390.1,260.06,81.25,0.5
2017-08-24,387.5,397.9,260.8,81.3,0.51
2017-08-25,389.6,397.8,260.8,82.3,0.52
2017-08-28,383.4,392.1,261.3,82.35,0.51
2017-08-29,377.5,387.1,245.49,82.55,0.49
2017-08-30,374,393.7,247.03,83.45,0.5
2017-08-31,375.9,397.9,248.47,84.05,0.5
2017-09-01,378,404.3,249.86,83.65,0.52
2017-09-04,374.4,400.2,249.36,82.85,0.51
2017-09-05,370.7,400.6,250.86,81.9,0.49
2017-09-06,352.1,402.1,248.17,83.25,0.49
2017-09-07,354.6,404.8,248.32,80.75,0.45
2017-09-08,356.5,411.8,248.22,80.9,0.45
2017-09-11,359,354.9,250.11,80.45,0.47
2017-09-12,358.7,344.8,247.77,81.15,0.53
2017-09-13,359.5,355.5,247.33,81.65,0.52
2017-09-14,358,363.3,248.62,81.2,0.52
2017-09-15,352.4,362.2,249.86,80.25,0.54
2017-09-18,353.5,357.7,249.12,80.7,0.55
2017-09-19,356.3,360.1,255.58,80.55,0.54
2017-09-20,357.7,367.1,262.54,80.7,0.53
2017-09-21,358.4,364.4,265.28,82.85,0.54
2017-09-22,352.7,373.7,267.02,83,0.56
2017-09-25,355,375,269.75,82.85,0.5
2017-09-26,354.3,361.6,269.25,83.35,0.52
2017-09-27,358.8,362.8,269.01,84.75,0.55
2017-09-28,362.3,366.1,266.52,84.8,0.57
2017-09-29,363.3,363.3,267.76,85.15,0.56
2017-10-02,360.9,370,272.49,85.3,0.54
2017-10-03,360.1,371.4,272.73,85.5,0.55
2017-10-04,362.9,376.5,275.97,85.75,0.56
2017-10-05,365.4,379.4,271.24,86.35,0.57
2017-10-06,361.7,383.7,273.73,86,0.58
2017-10-09,361.8,385.6,275.97,86.4,0.56
2017-10-10,362.4,394.9,271.49,86.4,0.56
2017-10-11,360.4,392,270,85.8,0.57
2017-10-12,359.3,393.4,269,84.95,0.56
2017-10-13,354.3,396.4,252.8,83.55,0.52
2017-10-16,353.3,384,244.9,83.55,0.48
2017-10-17,363.5,388.9,253.4,84.2,0.48
2017-10-18,368.1,384,255,84.45,0.52
2017-10-19,356.6,380.4,254.4,84.1,0.51
2017-10-20,359.2,381,258.4,85.2,0.56
2017-10-23,360.1,389,266.1,83.9,0.55
2017-10-24,362.8,388.8,261.6,83.2,0.58
2017-10-25,350.1,388.4,260,82.5,0.58
2017-10-26,359.1,386.2,261.3,77.65,0.54
2017-10-27,351.9,389.9,261,77.75,0.49
2017-10-30,356.6,389,265.7,77.3,0.47
2017-10-31,361,379.6,273.7,77.05,0.47
2017-11-01,359,371.1,274.8,77.1,0.47
2017-11-02,357.7,365,270.6,77.3,0.46
2017-11-03,349.4,366.1,271.5,76.8,0.46
2017-11-06,355.1,368.5,277.4,77,0.43
2017-11-07,352.1,373.7,275.5,77.35,0.42
2017-11-08,345.2,346.4,273.8,76.35,0.42
2017-11-09,344.5,345.7,265.1,76,0.48
2017-11-10,345.9,351.3,260.9,75.45,0.51
2017-11-13,342.6,351.3,255.4,75.2,0.51
2017-11-14,339.5,355.5,254.6,74.1,0.48
2017-11-15,337.6,352.9,256.7,74.1,0.47
2017-11-16,343.9,356,263.7,74.45,0.48
2017-11-17,340,356.3,265.6,73.25,0.46
2017-11-20,339.1,354.9,269,72.85,0.45
2017-11-21,334.7,352.3,277.4,73.45,0.44
2017-11-22,337.2,349,276.2,73.25,0.44
2017-11-23,335.8,343.8,275.3,73.1,0.42
2017-11-24,333.8,336.3,280,73.05,0.44
2017-11-27,332.4,312.2,276.6,73,0.42
2017-11-28,336.8,317.6,279.5,73.2,0.4
2017-11-29,343.1,309.6,284.1,73.85,0.46
2017-11-30,337.8,315.3,285.6,73.8,0.44
2017-12-01,336.2,312.1,281.5,73.3,0.36
2017-12-04,336.1,307,279.5,73.1,0.4
2017-12-05,325.4,303.4,274.9,72.6,0.39
2017-12-06,320.2,300.6,269.7,72.45,0.38
2017-12-07,324.4,300.9,271,72.55,0.37
2017-12-08,334.2,303.9,273.6,74.8,0.39
2017-12-11,349.8,302.7,273.6,75.15,0.39
2017-12-12,348.7,307.1,272.7,75.4,0.42
2017-12-13,349.6,305,277.4,75.3,0.41
2017-12-14,350.3,303.2,276.6,75.15,0.42
2017-12-15,350.2,301.2,271.5,74.5,0.38
2017-12-18,352.5,306.9,275.5,76.25,0.39
2017-12-19,351.8,308.3,278,75.35,0.46
2017-12-20,353.5,303.2,278,75.45,0.48
2017-12-21,356.3,301.8,277.5,76.35,0.48
2017-12-22,353.5,299.6,282,76.5,0.47
2017-12-27,354.6,310,281.1,75.85,0.44
2017-12-28,354.5,303.8,282.7,75.6,0.47
2017-12-29,353.2,315,283.3,75.2,0.48
2018-01-02,356,312,286.2,75.28,0.51
2018-01-03,354.3,317.2,288.4,75.56,0.51
2018-01-04,356,311.3,291,76.84,0.5
2018-01-05,354.3,316.6,289.8,76.28,0.5
2018-01-08,353.3,319,292,75.88,0.5
2018-01-09,357.3,320.1,289.2,76.84,0.54
2018-01-10,359,316.3,271.8,77.64,0.55
2018-01-11,358.4,314.8,266.6,78.24,0.6
2018-01-12,352.3,314.2,265.6,77.02,0.6
2018-01-15,355.1,313.8,263.6,76.5,0.6
2018-01-16,352.2,316.8,262.4,76.7,0.58
2018-01-17,353,318.2,262,77.1,0.58
2018-01-18,353.2,308.7,261.4,76.38,0.6
2018-01-19,344.6,316,263.6,75.84,0.59
2018-01-22,347.2,314,261.6,76.1,0.59
2018-01-23,346.7,322.1,259.4,77.12,0.59
2018-01-24,347.4,319.7,255.8,75.98,0.62
2018-01-25,346.5,315,254.2,72.96,0.64
2018-01-26,346.5,318.1,268.4,74.28,0.65
2018-01-29,347.2,316.7,266,74.46,0.73
2018-01-30,344.8,309.3,262.2,73.86,0.72
2018-01-31,346.7,305.6,261.4,74.04,0.73
2018-02-01,350.2,309,258.4,74.14,0.74
2018-02-02,347.6,301.2,247.2,73.52,0.78
2018-02-05,345,301.4,243.6,72.06,0.79
2018-02-06,336.9,299.2,239,69.72,0.75
2018-02-07,339.8,290,242.6,71.48,0.79
2018-02-08,338,298.7,235.8,70.82,0.83
2018-02-09,333.8,303,233.8,69.8,0.82
2018-02-12,340,313.3,237.2,69.86,0.82
2018-02-13,338.2,311.4,237.4,69.1,0.81
2018-02-14,345.2,317.4,239.4,70.42,0.82
2018-02-15,344.8,319.8,242,70.24,0.84
2018-02-16,350.2,324,245,71.04,0.79
2018-02-19,349.8,320,243.8,71.2,0.82
2018-02-20,343.4,321.1,243.4,70.58,0.8
2018-02-21,353.7,326.5,240.6,70.34,0.8
2018-02-22,354,323.1,240.2,69.58,0.77
2018-02-23,355.4,319.1,239.2,69.9,0.72
2018-02-26,357.8,325.3,238.6,70.42,0.72
2018-02-27,361.3,323.2,211,70.62,0.74
2018-02-28,362.1,320.7,214.4,69.82,0.73
2018-03-01,362.2,323.8,212,69.6,0.71
2018-03-02,361.4,319.8,206.8,67.92,0.7
2018-03-05,363.6,325.4,207,68.48,0.7
2018-03-06,372.8,324.2,213.2,68.9,0.74
2018-03-07,377.7,325,207.8,69.7,0.72
2018-03-08,378.5,333.8,206.8,70.96,0.7
2018-03-09,380.2,339.2,206,70.8,0.71
2018-03-12,383.5,337.6,203,71.5,0.69
2018-03-13,390.8,342.8,201,71.1,0.67
2018-03-14,388.7,341.4,204,70.84,0.64
2018-03-15,385.3,342.6,204.8,70.88,0.62
2018-03-16,381.5,341.6,205.2,65.86,0.63
2018-03-19,380,345.4,202,64.54,0.62
2018-03-20,367,344.2,201.2,64.88,0.64
2018-03-21,365.7,336.6,203,65.02,0.66
2018-03-22,359.6,331.1,198.7,63.38,0.58
2018-03-23,362.5,334,196.1,63.96,0.58
2018-03-26,360.6,335.5,198.2,63.58,0.57
2018-03-27,359.5,338.1,199.2,64.04,0.55
2018-03-28,357.8,337.8,196.6,63.12,0.54
2018-04-03,354,336.7,194.5,62.5,0.55
2018-04-04,349.1,341,190,61.82,0.54
2018-04-05,351.9,346.1,198.7,62.48,0.56
2018-04-06,350.8,345.2,199.3,62.44,0.52
2018-04-09,350.5,346.3,194.2,62.02,0.52
2018-04-10,351.3,348.7,191.6,62.56,0.54
2018-04-11,350.6,344.5,190,61.18,0.51
2018-04-12,353.1,344.6,193.7,61.22,0.54
2018-04-13,352.3,340.1,191.8,61.1,0.53
2018-04-16,353.6,340.4,187.5,61.72,0.55
2018-04-17,355,343.4,189.6,62.62,0.54
2018-04-18,367.3,348.1,190.7,62.68,0.56
2018-04-19,372.5,347.9,195.5,63.44,0.62
2018-04-20,373.2,343.5,195.9,63.62,0.62
2018-04-23,375.7,344,194.9,63.88,0.65
2018-04-24,376.7,345.2,186.7,63.8,0.65
2018-04-25,371,348.5,181.9,62.32,0.65
2018-04-26,371.8,352.5,184.6,63.34,0.6
2018-04-30,370.9,359,184.3,63.62,0.58
2018-05-01,373.1,357,184.2,63.06,0.58
2018-05-02,377.1,364.3,180.9,62.34,0.59
2018-05-03,368.9,365,181.3,61.8,0.55
2018-05-04,369.8,369.2,179.9,62.28,0.57
2018-05-07,370.7,372.2,183.7,62.86,0.55
2018-05-08,372.6,403.1,183.1,63.2,0.58
2018-05-09,359,411.3,184.1,64.52,0.59
2018-05-14,353.1,409.9,186.3,65.1,0.64
2018-05-15,367.4,408.4,168.5,65.28,0.66
2018-05-16,361.8,418.3,172.6,64.12,0.63
2018-05-17,363.9,421.6,181,64.44,0.66
2018-05-18,361.4,426.4,179.7,64,0.6
2018-05-22,365.5,423.2,172.5,65.24,0.6
2018-05-23,361.8,425.5,171.1,63.94,0.53
2018-05-24,358.6,428.4,168.4,62.86,0.5
2018-05-25,357.2,434.4,170.3,63.64,0.45
2018-05-28,353,433.3,172.5,63.02,0.39
2018-05-29,349,434.8,171.2,61.6,0.32
2018-05-30,345.9,445.4,175.3,61.68,0.35
2018-05-31,347,449.1,181.2,61.26,0.34
2018-06-01,350.1,447.2,187.8,62.3,0.39
2018-06-04,350.1,446.6,195,62.58,0.44
2018-06-06,345.3,448.2,198,62.04,0.47
2018-06-07,344,443.8,191.6,61.62,0.5
2018-06-08,341,450.9,192.1,61.34,0.45
2018-06-11,350.9,453.6,192,62.36,0.5
2018-06-12,353.4,450,195,62.66,0.5
2018-06-13,348.1,452.4,196,62,0.51
2018-06-14,349.6,459.4,195.9,63.02,0.45
2018-06-15,342.9,475.9,196,61.9,0.43
2018-06-18,341.3,470.3,189,60.84,0.42
2018-06-19,341.7,465.8,187.3,61.4,0.4
2018-06-20,342.5,470.6,192.4,62.38,0.41
2018-06-21,339.2,470,186.1,61.2,0.36
2018-06-22,344,474.1,186.2,61.8,0.36
2018-06-25,348,462.5,178.3,61.32,0.36
2018-06-26,343.4,450.7,174.5,61.3,0.36
2018-06-27,342.3,458.7,173.5,61.6,0.34
2018-06-28,345.5,436.9,173.4,60.94,0.34
2018-06-29,350,448.4,174.5,61.38,0.33
2018-07-02,349,434.3,172.3,60.74,0.32
2018-07-03,351.2,441.2,170.7,61.5,0.32
2018-07-04,347.3,438.3,176.5,61.96,0.34
2018-07-05,344.9,436.6,161.9,62.24,0.34
2018-07-06,345.4,443.9,154.5,61.96,0.32
2018-07-09,348.4,440.4,154.4,62.68,0.33
2018-07-10,347.3,442.9,154,62.6,0.34
2018-07-11,347.9,438.9,150.6,61.96,0.36
2018-07-12,350.6,448.6,158.9,61.86,0.33
2018-07-13,347.8,442.2,163.5,62.14,0.32
2018-07-16,346.9,444,165.6,62.76,0.35
2018-07-17,347.3,448.3,161.5,63.56,0.33
2018-07-18,346.7,448.6,162.5,62.94,0.32
2018-07-19,349.2,448,163.9,64.7,0.31
2018-07-20,348.1,467,164.7,65.4,0.34
2018-07-23,350.4,459.4,168.9,65.68,0.37
2018-07-24,359.3,460,169,67.44,0.35
2018-07-25,360.4,462.9,167.6,67.46,0.34
2018-07-26,359.3,459.1,170.2,67.6,0.35
2018-07-27,360.1,465.8,171,67.82,0.36
2018-07-30,359.9,460.5,171,67.92,0.41
2018-07-31,360.7,461.3,171.5,67.8,0.42
2018-08-01,362,467.2,168.5,67.58,0.45
2018-08-02,357,472.3,159.5,66.96,0.44
2018-08-03,356.8,470.5,157.3,66.84,0.38
2018-08-06,350,455,159.1,66.78,0.36
2018-08-07,356.3,443.7,158,66.96,0.38
2018-08-08,356.7,380.3,155.7,66.6,0.37
2018-08-09,356.8,375,155.9,67.02,0.34
2018-08-10,354.8,364.1,152.5,66.3,0.28
2018-08-13,353.7,373.1,141.6,65.98,0.29
2018-08-14,345.7,372.5,137,65.84,0.31
2018-08-15,344.5,376.8,140.4,65.58,0.28
2018-08-16,345.4,382.3,149.9,66.32,0.29
2018-08-17,344.8,380.1,147.8,66.58,0.28
2018-08-20,349,377.3,148.2,66.66,0.28
2018-08-21,354.9,385,152.2,66.8,0.31
2018-08-22,335.6,382.7,154.6,67.84,0.32
2018-08-23,334.2,378.5,154.5,67.94,0.32
2018-08-24,332.6,375.5,158,67.98,0.32
2018-08-27,332.9,372.7,161.1,68.44,0.35
2018-08-28,332.5,374.8,158.5,68.34,0.36
2018-08-29,327.7,378.5,163.3,68.86,0.38
2018-08-30,326.6,377.7,160.8,68.96,0.33
2018-08-31,325.8,376.8,164.1,69.3,0.3
2018-09-03,327,383.3,166.2,68.7,0.31
2018-09-04,327.5,373.1,161.3,68.64,0.32
2018-09-05,328.5,366.4,163,68.8,0.35
2018-09-06,325.3,368.4,163.5,69,0.31
2018-09-07,324.8,374.6,162,68.58,0.34
2018-09-10,321.9,379,163,68.84,0.36
2018-09-11,316.7,380.3,158.5,68.18,0.4
2018-09-12,315.8,387.1,156.2,68.42,0.37
2018-09-13,314.2,398.2,154.9,68.56,0.38
2018-09-14,315,402.3,155.4,68.64,0.4
2018-09-17,316.8,389.8,154.4,69.02,0.4
2018-09-18,314.7,381.9,158.2,67.92,0.42
2018-09-19,316.5,383.1,162.8,67.92,0.43
2018-09-20,322.2,384.1,163.1,69.3,0.42
2018-09-21,320.3,381.2,165.3,69.68,0.41
2018-09-24,318.8,387.4,162.5,69.44,0.46
2018-09-25,321.4,384.5,162.3,69.62,0.49
2018-09-26,322.9,388.9,164.9,70.12,0.48
2018-09-27,318.1,388.9,165.5,70.62,0.47
2018-09-28,311.1,396.7,166.8,70.02,0.42
2018-10-01,310.5,396.8,166.6,70.96,0.41
2018-10-02,305,394.1,162.8,68.05,0.37
2018-10-03,302.8,406.3,164.4,66.2,0.41
2018-10-04,301.9,396.3,158,65.48,0.48
2018-10-05,299.2,394.7,156.1,65.69,0.52
2018-10-08,298.2,392.5,149.6,65.04,0.49
2018-10-09,294.3,383.9,151.8,64.81,0.49
2018-10-10,296.8,377.8,149.3,64,0.5
2018-10-11,289.5,375.3,145,62.64,0.46
2018-10-12,290.6,387,145.9,62.6,0.45
2018-10-15,290.1,387.7,141.4,62.97,0.45
2018-10-16,296.4,403.7,151,64.61,0.45
2018-10-17,298,404.5,147.1,61.71,0.42
2018-10-18,292.5,415.3,143.9,60,0.39
2018-10-19,292.7,408.7,140.5,60.86,0.4
2018-10-22,291.4,408.7,139.2,60.43,0.41
2018-10-23,286.1,394.4,133.5,59.68,0.38
2018-10-24,285.9,408.9,129.8,58.67,0.34
2018-10-25,288.6,300,129.8,57.24,0.34
2018-10-26,287.6,294.7,119.3,55.58,0.29
2018-10-29,293.7,300.3,122,56.68,0.32
2018-10-30,262,299.5,121.6,57.27,0.33
2018-10-31,269.3,307.6,124,57.57,0.34
2018-11-01,269.1,319.4,126.7,57.46,0.37
2018-11-02,280.1,303.5,133,58.49,0.4
2018-11-05,276.5,305.5,134.4,58.2,0.38
2018-11-06,278.5,301.3,136.2,58.15,0.38
2018-11-07,287.6,289.8,138.9,58.53,0.41
2018-11-08,286.2,285.6,132,58.78,0.42
2018-11-09,283,285.2,129.3,58.74,0.36
2018-11-12,278.8,289.1,119.9,58.74,0.34
2018-11-13,270.7,287,115.9,60.82,0.37
2018-11-14,271,289.7,114,60.47,0.37
2018-11-15,265.5,281.2,112,59.63,0.32
2018-11-16,264.7,281.8,86.55,59.77,0.34
2018-11-19,264.2,276.9,80.95,59.13,0.34
2018-11-20,255.6,263.6,74.7,57.18,0.33
2018-11-21,259.4,261.5,79.5,57.73,0.36
2018-11-22,260.8,258.6,90.2,57.87,0.34
2018-11-23,259.9,257,90.85,58.5,0.31
2018-11-26,267.2,263.6,100.4,59.66,0.34
2018-11-27,263.5,263,99.95,59.99,0.32
2018-11-28,262.5,260,105.7,58.96,0.32
2018-11-29,261.9,265.5,105.4,58.88,0.29
2018-11-30,258.6,270.7,102.5,58.76,0.27
2018-12-03,261.3,266.9,97.6,59.87,0.28
2018-12-04,256,268.6,101.7,58.31,0.24
2018-12-05,260.5,264.6,99.35,58.19,0.26
2018-12-06,251.5,262.1,98.5,56.52,0.21
2018-12-07,256.8,264.8,98.5,57.22,0.23
2018-12-10,249.5,266.8,93.8,55.82,0.23
2018-12-11,252.2,277,98.6,56.61,0.22
2018-12-12,253.9,275.9,99,57.31,0.26
2018-12-13,253,283.6,97.9,57,0.27
2018-12-14,252.1,286.5,97.95,57.3,0.23
2018-12-17,250.9,289.4,101.4,57.15,0.24
2018-12-18,248.4,294.1,99,56.54,0.23
2018-12-19,245.7,292,99.75,56.21,0.23
2018-12-20,236,291,96.2,55.53,0.22
2018-12-21,229.6,288.7,92,55.19,0.24
2018-12-27,229.1,277.8,85.95,54,0.22
2018-12-28,235.2,285.4,88.95,54.23,0.24
2019-01-02,234.5,283.1,93.5,55.49,0.16
2019-01-03,234.5,283.2,90.4,55.25,0.15
2019-01-04,244.7,293.4,91.7,57.7,0.21
2019-01-07,244.7,287.3,95.6,57.17,0.21
2019-01-08,243.5,299.9,98,57.85,0.22
2019-01-09,241.5,298.6,98,58,0.19
2019-01-10,245.7,294.2,97.9,58.28,0.18
2019-01-11,244.9,293.2,95.8,58.11,0.16
2019-01-14,245,291.3,94.15,58.2,0.16
2019-01-15,242.5,294.2,95.3,58.08,0.14
2019-01-16,246.4,298.4,96.75,58.65,0.17
2019-01-17,243.8,286,96.55,58.7,0.18
2019-01-18,243.8,287,98,59.8,0.2
2019-01-21,249.7,290.6,98.65,59.59,0.2
2019-01-22,249.6,294.1,98,59.25,0.16
2019-01-23,249.2,289.3,98.6,59.55,0.17
2019-01-24,250.1,287.1,101.2,60.1,0.13
2019-01-25,252.7,281.2,108.6,60.31,0.14
2019-01-28,248.5,278.2,110.6,59.36,0.36
2019-01-29,247.7,286.8,116.4,59.05,0.35
2019-01-30,249,286.1,118.8,59.31,0.34
2019-01-31,244.5,285.7,117.7,58.72,0.31
2019-02-01,250.3,282.4,117.1,59.42,0.32
2019-02-04,249.3,286.4,114.3,59.06,0.34
2019-02-05,251,291.4,113.9,59.59,0.32
2019-02-06,252.9,282.5,116,60,0.31
2019-02-07,252.4,286.3,114.9,59.9,0.25
2019-02-08,249.2,288,110.2,59.1,0.22
2019-02-11,250.1,289.7,113.6,59.21,0.25
2019-02-12,256.8,287.7,115.5,59.88,0.27
2019-02-13,255.4,287.4,116,60.24,0.27
2019-02-14,255.5,283,116,59.34,0.23
2019-02-15,259.9,282.8,116.5,60.7,0.24
2019-02-18,260.7,286.8,118.4,61.36,0.24
2019-02-19,254.5,290.4,117.1,60.88,0.23
2019-02-20,257.9,292.9,119.3,59.9,0.22
2019-02-21,255.3,291.1,118.5,57.31,0.25
2019-02-22,254.8,298.4,120.5,57.29,0.21
2019-02-25,255.6,298.7,117.8,58.14,0.22
2019-02-26,247.5,305.2,116.5,57.7,0.24
2019-02-27,251,302.2,114.7,59.22,0.27
2019-02-28,256.9,300,121.4,59.46,0.3
2019-03-01,255.2,299.7,128.6,59.87,0.3
2019-03-04,253.9,297.1,131.7,57.38,0.26
2019-03-05,254.1,305.2,127.4,58.35,0.28
2019-03-06,254.3,300.2,127.8,57.79,0.23
2019-03-07,247,302.3,123,57.12,0.17
2019-03-08,246.5,301.6,119.5,57.14,0.17
2019-03-11,247.6,293.3,119.8,58.66,0.16
2019-03-12,254,294.3,119.3,58.5,0.16
2019-03-13,254.2,296.1,118.9,58.55,0.17
2019-03-14,256.1,296.9,119.3,59.29,0.18
2019-03-15,256.5,295.8,118,59.88,0.18
2019-03-18,262,292.7,117.6,60.62,0.17
2019-03-19,262.5,300.3,118,60.25,0.19
2019-03-20,261,297.5,120.8,60,0.17
2019-03-21,257.1,302.3,117.8,60.25,0.14
2019-03-22,251.3,298.9,113.8,59.19,0.06
2019-03-25,248.9,293.4,111.4,59.4,0.06
2019-03-26,246.3,294.5,115.9,59.9,0.06
2019-03-27,252,284.3,115.3,59.4,-0.02
2019-03-28,250,285.3,116.1,56.8,0.01
2019-03-29,257.1,288,117.9,50.79,0.01
2019-04-01,265,300.3,123.15,51.7,0.05
2019-04-02,267.4,306.9,124.3,52.18,0.02
2019-04-03,272.4,306.1,128,53.45,0.07
2019-04-04,274,298.9,127.5,54.96,0.07
2019-04-05,272,299.3,126.4,54.58,0.09
2019-04-08,272.3,294.5,129.5,54.31,0.09
2019-04-09,269.6,294.3,130,54.12,0.08
2019-04-10,265.8,290.9,130,54.22,0.05
2019-04-11,268.9,290,135.8,54.84,0.07
2019-04-12,273.8,286.5,137,55.42,0.14
2019-04-15,275.1,285.7,139,55.69,0.15
2019-04-16,276,281.3,136.9,55.82,0.16
2019-04-17,277.3,277.2,139.6,55.8,0.18
2019-04-23,275.3,276.3,122,55.6,0.14
2019-04-24,272.3,278.4,115.5,54.8,0.09
2019-04-25,271.7,278.4,113.7,54.4,0.08
2019-04-26,277,282.2,116.5,55.36,0.08
2019-04-29,277.5,281.4,118.3,54.81,0.09
2019-04-30,268.1,280,122.6,53.63,0.11
2019-05-01,269.5,281.5,124.6,53.9,0.09
2019-05-02,266.1,285.3,122.9,52.92,0.12
2019-05-03,265.9,286.9,124.9,53.46,0.13
2019-05-06,264.4,291.5,125.1,52.91,0.1
2019-05-07,260,290.3,126.4,51.95,0.06
2019-05-08,261.7,277,127.2,51.08,0.05
2019-05-09,257.2,274,118.9,50.29,0.05
2019-05-10,261.3,271,121.1,50.58,0.06
2019-05-13,255,266.1,117.1,49.8,0.04
2019-05-14,256.6,267.6,121.1,50.05,0.03
2019-05-15,253.6,266.3,118.3,50.2,0.01
2019-05-16,252.9,267.9,121.3,50.37,0
2019-05-20,248.2,269,118.9,49.68,0
2019-05-21,252.5,274,120,49.92,0.03
2019-05-22,251.4,275.4,121.2,49.34,0.01
2019-05-23,250.8,269.5,117.4,49,-0.01
2019-05-24,253.8,271,116.6,49.03,-0.02
2019-05-27,252.9,270.7,111.4,49.12,-0.05
2019-05-28,253.5,277.4,105.8,48.73,-0.05
2019-05-29,253.9,268.4,101.9,48.26,-0.08
2019-06-03,248.9,260.8,98.2,47.38,-0.11
2019-06-04,252.7,263.2,100,48.22,-0.14
2019-06-06,250.1,256.5,96.45,48.35,-0.16
2019-06-07,238.6,256.6,99,48.35,-0.2
2019-06-11,240.3,259.2,98.95,49.1,-0.18
2019-06-12,241.5,260.9,96.35,49.1,-0.19
2019-06-13,242.4,257.9,96.9,48.99,-0.21
2019-06-14,241.5,253.9,96.1,48.86,-0.22
2019-06-17,243,256.5,95.95,47.67,-0.19
2019-06-18,243.5,260.6,97.85,48.03,-0.26
2019-06-19,245,261.8,100.8,48.39,-0.23
2019-06-20,239.6,259.2,101.7,47.52,-0.26
2019-06-21,239.4,256.8,101,47.55,-0.22
2019-06-24,234,252.6,97.4,47.57,-0.24
2019-06-25,224.9,252.1,95.5,46.65,-0.26
2019-06-26,225,249.5,97.75,48.12,-0.23
2019-06-27,226.3,255,99.1,48.1,-0.24
2019-06-28,227.5,259.3,100.9,47.74,-0.26
2019-07-01,230.4,266.6,104,48.47,-0.28
2019-07-02,229,266.8,101.9,49.13,-0.27
2019-07-03,230.8,269.1,103.2,49.12,-0.3
2019-07-04,230,269.8,101.6,49.78,-0.3
2019-07-05,232.9,269.7,100.8,50.68,-0.28
2019-07-08,230.9,258.8,100.4,50.13,-0.29
2019-07-09,226.7,259,99.8,49.35,-0.27
2019-07-10,229.4,255.6,102.4,49.83,-0.23
2019-07-11,226.7,255.5,102.6,49.87,-0.19
2019-07-12,228.7,253.6,100.8,50.33,-0.18
2019-07-15,229.2,257.7,106.8,50.53,-0.22
2019-07-16,230,260,108.3,50.64,-0.22
2019-07-17,225.5,259.7,111.7,49.15,-0.23
2019-07-18,226.1,259.4,111.6,46.35,-0.27
2019-07-19,222.4,251.8,111.4,46.03,-0.28
2019-07-22,220,256.2,113,44.86,-0.3
2019-07-23,224.2,260.6,108,45.53,-0.31
2019-07-24,224.9,260.9,100.6,44.8,-0.33
2019-07-25,225.8,258.9,101.8,44.79,-0.32
2019-07-26,221.7,260.6,99.7,44.33,-0.31
2019-07-29,221.8,261.5,100,44.28,-0.34
2019-07-30,215.7,257.1,98.6,43.35,-0.34
2019-07-31,215.3,261.4,99.4,43.42,-0.38
2019-08-01,213.3,263.8,99.6,43.28,-0.39
2019-08-02,208.5,263,94.25,42.46,-0.43
2019-08-05,205.9,257,91.85,42.1,-0.47
2019-08-06,204.7,259.6,90.15,42.43,-0.49
2019-08-07,203.2,267,87.7,41.92,-0.54
2019-08-08,203.9,273.6,89,42.35,-0.51
2019-08-09,199.85,265.5,87.3,42.4,-0.53
2019-08-12,196.55,260.8,85.4,42.01,-0.53
2019-08-13,195.7,261,86.6,42.06,-0.56
2019-08-14,189.05,257.7,82.9,40.21,-0.6
2019-08-15,188.85,268.5,82.55,40.06,-0.66
2019-08-16,194.6,269.4,88.15,41.17,-0.67
2019-08-19,196.75,266,87.7,41.24,-0.62
2019-08-20,188.45,258.5,87.95,40.94,-0.66
2019-08-21,190.2,245.1,88.75,41.37,-0.64
2019-08-22,194.4,239.8,89.4,41.86,-0.61
2019-08-23,194.1,242.5,90.05,41.9,-0.64
2019-08-26,193.6,236.2,88,41.34,-0.64
2019-08-27,189.2,245,89.9,42.1,-0.66
2019-08-28,185.85,245.5,89.1,41.53,-0.68
2019-08-29,188.05,245.3,88.25,41.99,-0.66
2019-08-30,190.3,247,88.75,42.1,-0.67
2019-09-02,187.5,247.2,87.5,42.03,-0.66
2019-09-03,186.85,247.4,86.15,41.33,-0.69
2019-09-04,189.6,245.5,90.8,41.97,-0.64
2019-09-05,196.05,246.5,93.6,44.83,-0.57
2019-09-06,195.7,243.6,93,44.93,-0.6
2019-09-09,205.3,232.6,93.25,47.22,-0.54
2019-09-10,210,233.5,97.95,48.26,-0.54
2019-09-11,208.6,246.3,99.55,48.34,-0.53
2019-09-12,206.8,242,100.1,48.68,-0.51
2019-09-13,213.9,236.5,101.8,49.81,-0.42
2019-09-16,210.7,235.1,97.8,49.37,-0.47
2019-09-17,206.9,229.5,95.2,48.06,-0.46
2019-09-18,204.9,229.2,93.8,47.92,-0.48
2019-09-19,207.7,235.5,97.6,48.54,-0.47
2019-09-20,218.6,244,118.8,48.65,-0.48
2019-09-23,219.3,240.3,116,47.37,-0.55
2019-09-24,218,238.1,118.6,47.54,-0.57
2019-09-25,218.5,232.2,118.8,47.67,-0.56
2019-09-26,220.8,228.8,120.4,47.88,-0.55
2019-09-27,219.3,227,131,47.93,-0.55
2019-09-30,221.3,227.2,132.9,48.49,-0.55
2019-10-01,220.2,223.9,127.3,48.24,-0.54
2019-10-02,211.6,217.2,128.8,46.9,-0.51
2019-10-03,210.4,218.5,129.6,45.81,-0.56
2019-10-04,209.5,220.4,129.4,45.65,-0.56
2019-10-07,214.5,223.7,128,46.13,-0.55
2019-10-08,214.8,223.3,124,45.97,-0.57
2019-10-09,215.3,223.4,122.4,45.81,-0.53
2019-10-10,215.6,224.4,122.5,46.92,-0.46
2019-10-11,222.7,223,121.9,48.35,-0.42
2019-10-14,224,224.6,120.9,47.73,-0.44
2019-10-15,231.5,225.8,123.4,48.49,-0.41
2019-10-16,235.2,224,122.3,48.57,-0.36
2019-10-17,234.2,227,127.9,48.69,-0.38
2019-10-18,234.9,221.8,123.3,48.44,-0.36
2019-10-21,238.9,224,125.9,49.69,-0.32
2019-10-22,242.3,225.7,125.4,49.97,-0.34
2019-10-23,242.1,222.6,121.9,49.12,-0.35
2019-10-24,240.1,222.2,121.6,49.24,-0.34
2019-10-25,242.2,225.7,122.9,50.27,-0.35
2019-10-28,241,227.2,121.2,50.14,-0.3
2019-10-29,241,235,119,49.33,-0.32
2019-10-30,227.9,230.6,118.2,48.98,-0.34
2019-10-31,222.7,228.5,117.4,49.15,-0.38
2019-11-01,222,232,118.6,49.26,-0.36
2019-11-04,222,234.5,123.4,50.05,-0.33
2019-11-05,228.9,236.9,127.7,50.36,-0.29
2019-11-06,236.3,236,123.6,50.69,-0.31
2019-11-07,237,244.6,129.6,51.08,-0.23
2019-11-08,236.1,242.5,129,50.68,-0.24
2019-11-11,238.1,247,129.6,50.74,-0.23
2019-11-12,235.4,244,127.5,50.95,-0.24
2019-11-13,228.4,240.7,123.5,49.88,-0.28
2019-11-14,229,237,126.6,49.69,-0.32
2019-11-15,227.6,236,128.5,49.38,-0.31
2019-11-18,226.3,237.7,124.8,48.99,-0.31
2019-11-19,226.4,241.2,130.1,49,-0.32
2019-11-20,224.6,245.2,128.5,48.75,-0.33
2019-11-21,226.3,249.8,132.9,48.4,-0.3
2019-11-22,228.4,253.6,130.5,48.85,-0.34
2019-11-25,228.7,258.5,140.3,49.08,-0.32
2019-11-26,225.3,260.3,144.3,48.76,-0.34
2019-11-27,227.4,263.1,147.5,49.06,-0.34
2019-11-28,226.3,262,148.1,48.51,-0.34
2019-11-29,225,259.8,142.6,48.2,-0.34
2019-12-02,223.3,258.6,144.5,47.35,-0.26
2019-12-03,220.6,255.3,142.9,46.9,-0.33
2019-12-04,222.2,256.9,153.7,47.54,-0.3
2019-12-05,225.9,257.2,155.1,47.74,-0.27
2019-12-06,224.9,259.5,164.2,48.8,-0.26
2019-12-09,227.1,256.1,161,48.91,-0.28
2019-12-10,224.9,255,164.5,48.92,-0.27
2019-12-11,223.4,249.9,163.8,49.1,-0.3
2019-12-12,224.6,255.3,168.5,50.43,-0.23
2019-12-13,227.9,261.5,164.2,51.32,-0.27
2019-12-16,226.8,264.4,170.9,52.64,-0.24
2019-12-17,237.5,258.9,166.8,53.21,-0.25
2019-12-18,240.7,259.9,163.4,53.62,-0.21
2019-12-19,237.1,257.6,161.4,53.82,-0.2
2019-12-20,237.5,259.3,161.6,54.58,-0.22
2019-12-23,240.9,259.3,161.8,54.9,-0.21
2019-12-27,239.5,261.1,161.9,54.6,-0.22
